"Parent Department","Organisation","Unit","Reporting Senior Post","Grade","Payscale Minimum (£)","Payscale Maximum (£)","Generic Job Title","Number of Posts in FTE","Professional/Occupational Group"
"Attorney General's Office","Government Legal Department","Bona Vacantia","3","SEO","36250","43000","Legal Manager","4.00","Law"
"Attorney General's Office","Government Legal Department","Bona Vacantia","3","LT","28000","32000","Legal Trainee","1.00","Law"
"Attorney General's Office","Government Legal Department","Bona Vacantia","3","HEO","29550","35000","Legal Manager","10.50","Law"
"Attorney General's Office","Government Legal Department","Bona Vacantia","3","G7","48400","61000","Legal Adviser","7.00","Law"
"Attorney General's Office","Government Legal Department","Bona Vacantia","3","G6","61200","75200","Senior Legal Adviser","2.00","Law"
"Attorney General's Office","Government Legal Department","Bona Vacantia","3","EO","25150","30000","Legal Officer","12.00","Law"
"Attorney General's Office","Government Legal Department","Bona Vacantia","3","AO","21850","23800","Legal Support Officer","10.00","Law"
"Attorney General's Office","Government Legal Department","Cabinet Office Legal","38","EO","25150","30000","Legal Officer","1.00","Law"
"Attorney General's Office","Government Legal Department","Cabinet Office Legal - Constitutional Law Team","40","G7","48400","61000","Legal Adviser","3.40","Law"
"Attorney General's Office","Government Legal Department","Cabinet Office Legal - Constitutional Law Team","40","G6","61200","75200","Senior Legal Adviser","3.58","Law"
"Attorney General's Office","Government Legal Department","Cabinet Office Legal - Corporate & Government Service Legal Team","41","LO","42000","42000","Legal Manager","1.00","Law"
"Attorney General's Office","Government Legal Department","Cabinet Office Legal - Corporate & Government Service Legal Team","41","G7","48400","61000","Legal Adviser","2.00","Law"
"Attorney General's Office","Government Legal Department","Cabinet Office Legal - Corporate & Government Service Legal Team","41","G6","61200","75200","Senior Legal Adviser","2.36","Law"
"Attorney General's Office","Government Legal Department","Cabinet Office Legal - General Policy & National Security Legal Team","39","LT","28000","32000","Legal Trainee","1.00","Law"
"Attorney General's Office","Government Legal Department","Cabinet Office Legal - General Policy & National Security Legal Team","39","LO","42000","42000","Legal Manager","2.00","Law"
"Attorney General's Office","Government Legal Department","Cabinet Office Legal - General Policy & National Security Legal Team","39","G7","48400","61000","Legal Adviser","1.00","Law"
"Attorney General's Office","Government Legal Department","Cabinet Office Legal - General Policy & National Security Legal Team","39","G6","61200","75200","Senior Legal Adviser","5.31","Law"
"Attorney General's Office","Government Legal Department","Cabinet Office Legal - General Policy & National Security Legal Team","39","AO","21850","23800","Legal Support Officer","1.00","Law"
"Attorney General's Office","Government Legal Department","Cabinet Office Legal - Wales Office Legal Advisers","150","G6","61200","75200","Senior Legal Adviser","1.00","Law"
"Attorney General's Office","Government Legal Department","Commercial Law Group","49","SEO","36250","43000","Operational Manager","2.00","Operational Delivery"
"Attorney General's Office","Government Legal Department","Commercial Law Group","49","HEO","29550","35000","Legal Manager","1.00","Law"
"Attorney General's Office","Government Legal Department","Commercial Law Group","49","G7","48400","61000","Operational Team Manager","1.00","Operational Delivery"
"Attorney General's Office","Government Legal Department","Commercial Law Group Team A - Commercial Litigation","50","LT","28000","32000","Legal Trainee","1.00","Law"
"Attorney General's Office","Government Legal Department","Commercial Law Group Team A - Commercial Litigation","50","G7","48400","61000","Legal Adviser","9.70","Law"
"Attorney General's Office","Government Legal Department","Commercial Law Group Team A - Commercial Litigation","50","G6","61200","75200","Senior Legal Adviser","6.38","Law"
"Attorney General's Office","Government Legal Department","Commercial Law Group Team A - Commercial Litigation","50","EO","25150","30000","Legal Officer","2.00","Law"
"Attorney General's Office","Government Legal Department","Commercial Law Group Team B - Transactional, CO, CCS, DCMS, HMT","51","LO","42000","42000","Legal Manager","1.00","Law"
"Attorney General's Office","Government Legal Department","Commercial Law Group Team B - Transactional, CO, CCS, DCMS, HMT","51","G7","48400","61000","Legal Adviser","5.60","Law"
"Attorney General's Office","Government Legal Department","Commercial Law Group Team B - Transactional, CO, CCS, DCMS, HMT","51","G6","61200","75200","Senior Legal Adviser","5.60","Law"
"Attorney General's Office","Government Legal Department","Commercial Law Group Team B - Transactional, CO, CCS, DCMS, HMT","51","EO","25150","30000","Legal Officer","3.00","Law"
"Attorney General's Office","Government Legal Department","Commercial Law Group Team C - DH","52","G7","48400","61000","Legal Adviser","7.15","Law"
"Attorney General's Office","Government Legal Department","Commercial Law Group Team C - DH","52","G6","61200","75200","Senior Legal Adviser","8.60","Law"
"Attorney General's Office","Government Legal Department","Commercial Law Group Team C - DH","52","EO","25150","30000","Legal Officer","0.92","Law"
"Attorney General's Office","Government Legal Department","Commercial Law Group Team D - HO, DCLG","53","PS","22560","24260","Legal Support Officer","1.00","Law"
"Attorney General's Office","Government Legal Department","Commercial Law Group Team D - HO, DCLG","53","LO","42000","42000","Legal Manager","1.00","Law"
"Attorney General's Office","Government Legal Department","Commercial Law Group Team D - HO, DCLG","53","G7","48400","61000","Legal Adviser","1.00","Law"
"Attorney General's Office","Government Legal Department","Commercial Law Group Team D - HO, DCLG","53","G6","61200","75200","Senior Legal Adviser","2.80","Law"
"Attorney General's Office","Government Legal Department","Commercial Law Group Team E - DEFRA, DFE","54","G7","48400","61000","Legal Adviser","9.60","Law"
"Attorney General's Office","Government Legal Department","Commercial Law Group Team E - DEFRA, DFE","54","G6","61200","75200","Senior Legal Adviser","5.00","Law"
"Attorney General's Office","Government Legal Department","Commercial Law Group Team E - DEFRA, DFE","54","AO","21850","23800","Legal Support Officer","1.00","Law"
"Attorney General's Office","Government Legal Department","Commercial Law Group Team F - MOJ","55","G7","48400","61000","Legal Adviser","4.80","Law"
"Attorney General's Office","Government Legal Department","Commercial Law Group Team F - MOJ","55","G6","61200","75200","Senior Legal Adviser","11.80","Law"
"Attorney General's Office","Government Legal Department","Commercial Law Group Team G - DWP","56","HEO","29550","35000","Legal Manager","1.00","Law"
"Attorney General's Office","Government Legal Department","Commercial Law Group Team G - DWP","56","G7","48400","61000","Legal Adviser","19.21","Law"
"Attorney General's Office","Government Legal Department","Commercial Law Group Team G - DWP","56","G6","61200","75200","Senior Legal Adviser","14.40","Law"
"Attorney General's Office","Government Legal Department","Commercial Law Group Team G - DWP","56","EO","25150","30000","Legal Officer","2.00","Law"
"Attorney General's Office","Government Legal Department","Corporate Resources Group - Business Support","126","SEO","36250","43000","Operational Manager","2.00","Operational Delivery"
"Attorney General's Office","Government Legal Department","Corporate Resources Group - Business Support","126","HEO","29550","35000","Operational Manager","30.00","Operational Delivery"
"Attorney General's Office","Government Legal Department","Corporate Resources Group - Business Support","126","G7","48400","61000","Operational Team Manager","3.00","Operational Delivery"
"Attorney General's Office","Government Legal Department","Corporate Resources Group - Business Support","126","G6","61200","75200","Operational Team Manager","3.61","Operational Delivery"
"Attorney General's Office","Government Legal Department","Corporate Resources Group - Business Support","126","EO","25150","30000","Operational Officer","16.00","Operational Delivery"
"Attorney General's Office","Government Legal Department","Corporate Resources Group - Business Support","126","AO","21850","23800","Operational Support Officer","14.00","Operational Delivery"
"Attorney General's Office","Government Legal Department","Corporate Resources Group - Change","128","SEO","36250","43000","Business Analyst","5.00","Programme and Project Management (PPM)"
"Attorney General's Office","Government Legal Department","Corporate Resources Group - Change","128","HEO","29550","35000","Business Analyst","8.80","Programme and Project Management (PPM)"
"Attorney General's Office","Government Legal Department","Corporate Resources Group - Change","128","HEO","29550","35000","Developer","3.00","Programme and Project Management (PPM)"
"Attorney General's Office","Government Legal Department","Corporate Resources Group - Change","128","HEO","29550","35000","Principle Trainer","1.00","Programme and Project Management (PPM)"
"Attorney General's Office","Government Legal Department","Corporate Resources Group - Change","128","HEO","29550","35000","Project Delivery Team","1.00","Programme and Project Management (PPM)"
"Attorney General's Office","Government Legal Department","Corporate Resources Group - Change","128","HEO","29550","35000","Tester","1.00","Programme and Project Management (PPM)"
"Attorney General's Office","Government Legal Department","Corporate Resources Group - Change","128","G7","48400","61000","Business Analyst","1.00","Programme and Project Management (PPM)"
"Attorney General's Office","Government Legal Department","Corporate Resources Group - Change","128","G7","48400","61000","Business Case and Benefits","5.97","Programme and Project Management (PPM)"
"Attorney General's Office","Government Legal Department","Corporate Resources Group - Change","128","G7","48400","61000","Project Manager","1.00","Programme and Project Management (PPM)"
"Attorney General's Office","Government Legal Department","Corporate Resources Group - Change","128","G6","61200","75200","Project Manager","3.00","Programme and Project Management (PPM)"
"Attorney General's Office","Government Legal Department","Corporate Resources Group - Change","128","EO","25150","30000","Business Analyst","1.00","Programme and Project Management (PPM)"
"Attorney General's Office","Government Legal Department","Corporate Resources Group - Change","128","EO","25150","30000","Developer","1.00","Programme and Project Management (PPM)"
"Attorney General's Office","Government Legal Department","Corporate Resources Group - Change","128","EO","25150","30000","PMO Team","1.00","Programme and Project Management (PPM)"
"Attorney General's Office","Government Legal Department","Corporate Resources Group - Client Care, Communications & Governance","127","G6","61200","75200","Communications Team Manager","1.00","Communications"
"Attorney General's Office","Government Legal Department","Corporate Resources Group - Communications","127","SEO","36250","43000","Communications Manager","2.00","Communications"
"Attorney General's Office","Government Legal Department","Corporate Resources Group - Communications","127","G7","48400","61000","Communications Team Manager","1.00","Communications"
"Attorney General's Office","Government Legal Department","Corporate Resources Group - Communications","127","G6","61200","75200","Communications Team Manager","1.00","Communications"
"Attorney General's Office","Government Legal Department","Corporate Resources Group - Communications","127","EO","25150","30000","Communications Officer","1.00","Communications"
"Attorney General's Office","Government Legal Department","Corporate Resources Group - Finance","125","SEO","36250","43000","Finance Manager","7.00","Finance"
"Attorney General's Office","Government Legal Department","Corporate Resources Group - Finance","125","HEO","29550","35000","Finance Manager","7.00","Finance"
"Attorney General's Office","Government Legal Department","Corporate Resources Group - Finance","125","G7","48400","61000","Finance Team Manager","2.00","Finance"
"Attorney General's Office","Government Legal Department","Corporate Resources Group - Finance","125","G6","61200","75200","Finance Team Manager","2.00","Finance"
"Attorney General's Office","Government Legal Department","Corporate Resources Group - Finance","125","EO","25150","30000","Finance Officer","7.60","Finance"
"Attorney General's Office","Government Legal Department","Corporate Resources Group - Finance","125","AO","21850","23800","Finance Support Officer","10.00","Finance"
"Attorney General's Office","Government Legal Department","Corporate Resources Group - Governance","127","HEO","29550","35000","Governance Manager","1.61","Planning"
"Attorney General's Office","Government Legal Department","Corporate Resources Group - Governance","127","G7","48400","61000","Governance Team Manager","1.00","Planning"
"Attorney General's Office","Government Legal Department","Corporate Resources Group - Governance","127","G6","61200","75200","Governance Team Manager","0.87","Planning"
"Attorney General's Office","Government Legal Department","Corporate Resources Group - Governance","127","AO","21850","23800","Governance Support Officer","1.00","Planning"
"Attorney General's Office","Government Legal Department","Corporate Resources Group - Human Resources","129","SEO","36250","43000","HR Manager","3.00","Human Resources"
"Attorney General's Office","Government Legal Department","Corporate Resources Group - Human Resources","129","HEO","29550","35000","HR Manager","5.00","Human Resources"
"Attorney General's Office","Government Legal Department","Corporate Resources Group - Human Resources","129","G7","48400","61000","HR Business Partner","3.00","Human Resources"
"Attorney General's Office","Government Legal Department","Corporate Resources Group - Human Resources","129","G7","48400","61000","HR Team Manager","4.00","Human Resources"
"Attorney General's Office","Government Legal Department","Corporate Resources Group - Human Resources","129","G6","61200","75200","HR Team Manager","2.00","Human Resources"
"Attorney General's Office","Government Legal Department","Corporate Resources Group - Human Resources","129","EO","25150","30000","HR Officer","12.60","Human Resources"
"Attorney General's Office","Government Legal Department","Corporate Resources Group - Human Resources","129","AO","21850","23800","HR Support Officer","10.00","Human Resources"
"Attorney General's Office","Government Legal Department","Corporate Resources Group - People and Change","127","EO","25150","30000","Operational Officer","1.00","Operational Delivery"
"Attorney General's Office","Government Legal Department","Department for Communities and Local Government","96","EO","25150","30000","Legal Officer","0.80","Law"
"Attorney General's Office","Government Legal Department","Department for Communities and Local Government - European Programmes and Local Growth","97","LT","28000","32000","Legal Trainee","1.00","Law"
"Attorney General's Office","Government Legal Department","Department for Communities and Local Government - European Programmes and Local Growth","97","G7","48400","61000","Legal Adviser","3.40","Law"
"Attorney General's Office","Government Legal Department","Department for Communities and Local Government - European Programmes and Local Growth","97","G6","61200","75200","Senior Legal Adviser","2.00","Law"
"Attorney General's Office","Government Legal Department","Department for Communities and Local Government - Housing, Building & Land","98","LO","42000","42000","Legal Manager","1.00","Law"
"Attorney General's Office","Government Legal Department","Department for Communities and Local Government - Housing, Building & Land","98","G7","48400","61000","Legal Adviser","4.48","Law"
"Attorney General's Office","Government Legal Department","Department for Communities and Local Government - Housing, Building & Land","98","G6","61200","75200","Senior Legal Adviser","2.83","Law"
"Attorney General's Office","Government Legal Department","Department for Communities and Local Government - Legal Support Services","96","HEO","29550","35000","Legal Manager","1.00","Law"
"Attorney General's Office","Government Legal Department","Department for Communities and Local Government - Legal Support Services","96","G7","48400","61000","Legal Adviser","1.00","Law"
"Attorney General's Office","Government Legal Department","Department for Communities and Local Government - Legal Support Services","96","EO","25150","30000","Legal Officer","1.00","Law"
"Attorney General's Office","Government Legal Department","Department for Communities and Local Government - Legal Support Services","96","AO","21850","23800","Legal Support Officer","1.00","Law"
"Attorney General's Office","Government Legal Department","Department for Communities and Local Government - Local Government & Fire","99","LT","28000","32000","Legal Trainee","1.00","Law"
"Attorney General's Office","Government Legal Department","Department for Communities and Local Government - Local Government & Fire","99","LO","42000","42000","Legal Manager","1.00","Law"
"Attorney General's Office","Government Legal Department","Department for Communities and Local Government - Local Government & Fire","99","G7","48400","61000","Legal Adviser","4.00","Law"
"Attorney General's Office","Government Legal Department","Department for Communities and Local Government - Local Government & Fire","99","G6","61200","75200","Senior Legal Adviser","2.83","Law"
"Attorney General's Office","Government Legal Department","Department for Communities and Local Government - Local Government & Fire","99","AO","21850","23800","Legal Support Officer","1.00","Law"
"Attorney General's Office","Government Legal Department","Department for Communities and Local Government - Planning Casework","101","G7","48400","61000","Legal Adviser","7.19","Law"
"Attorney General's Office","Government Legal Department","Department for Communities and Local Government - Planning Casework","101","G6","61200","75200","Senior Legal Adviser","3.80","Law"
"Attorney General's Office","Government Legal Department","Department for Communities and Local Government - Planning Reform","100","LO","42000","42000","Legal Manager","1.00","Law"
"Attorney General's Office","Government Legal Department","Department for Communities and Local Government - Planning Reform","100","G7","48400","61000","Legal Adviser","6.67","Law"
"Attorney General's Office","Government Legal Department","Department for Communities and Local Government - Planning Reform","100","G6","61200","75200","Senior Legal Adviser","4.49","Law"
"Attorney General's Office","Government Legal Department","Department for Culture, Media and Sport","44","AO","21850","23800","Legal Support Officer","1.00","Law"
"Attorney General's Office","Government Legal Department","Department for Culture, Media and Sport - Culture, Sports and Gambling Team","44","G7","48400","61000","Legal Adviser","3.00","Law"
"Attorney General's Office","Government Legal Department","Department for Culture, Media and Sport - Culture, Sports and Gambling Team","44","G6","61200","75200","Senior Legal Adviser","4.20","Law"
"Attorney General's Office","Government Legal Department","Department for Culture, Media and Sport - Culture, Sports and Gambling Team","44","EO","25150","30000","Legal Officer","1.00","Law"
"Attorney General's Office","Government Legal Department","Department for Culture, Media and Sport - Digital Economy and Telecoms Team","43","G7","48400","61000","Legal Adviser","2.00","Law"
"Attorney General's Office","Government Legal Department","Department for Culture, Media and Sport - Digital Economy and Telecoms Team","43","G6","61200","75200","Senior Legal Adviser","2.80","Law"
"Attorney General's Office","Government Legal Department","Department for Culture, Media and Sport - Media and Data Protection Legal Team","45","LT","28000","32000","Legal Trainee","1.00","Law"
"Attorney General's Office","Government Legal Department","Department for Culture, Media and Sport - Media and Data Protection Legal Team","45","G7","48400","61000","Legal Adviser","3.40","Law"
"Attorney General's Office","Government Legal Department","Department for Culture, Media and Sport - Media and Data Protection Legal Team","45","G6","61200","75200","Senior Legal Adviser","3.80","Law"
"Attorney General's Office","Government Legal Department","Department for Education","63","G6","61200","75200","Senior Legal Adviser","0.47","Law"
"Attorney General's Office","Government Legal Department","Department for Education","63","EO","25150","30000","Legal Officer","1.00","Law"
"Attorney General's Office","Government Legal Department","Department for Education - Academies","64","G7","48400","61000","Legal Adviser","6.91","Law"
"Attorney General's Office","Government Legal Department","Department for Education - Academies","64","G6","61200","75200","Senior Legal Adviser","2.40","Law"
"Attorney General's Office","Government Legal Department","Department for Education - Academies","64","EO","25150","30000","Legal Officer","1.00","Law"
"Attorney General's Office","Government Legal Department","Department for Education - Children's Law","67","G7","48400","61000","Legal Adviser","2.00","Law"
"Attorney General's Office","Government Legal Department","Department for Education - Children's Law","67","G6","61200","75200","Senior Legal Adviser","3.80","Law"
"Attorney General's Office","Government Legal Department","Department for Education - Children's Law","67","EO","25150","30000","Legal Officer","1.00","Law"
"Attorney General's Office","Government Legal Department","Department for Education - Further Education And Apprenticeships Team","67","SEO","36250","43000","Legal Manager","1.00","Law"
"Attorney General's Office","Government Legal Department","Department for Education - Further Education And Apprenticeships Team","136","G7","48400","61000","Legal Adviser","2.40","Law"
"Attorney General's Office","Government Legal Department","Department for Education - Further Education And Apprenticeships Team","136","G6","61200","75200","Senior Legal Adviser","2.57","Law"
"Attorney General's Office","Government Legal Department","Department for Education - Higher Education Team","137","G7","48400","61000","Legal Adviser","4.76","Law"
"Attorney General's Office","Government Legal Department","Department for Education - Higher Education Team","137","G6","61200","75200","Senior Legal Adviser","3.74","Law"
"Attorney General's Office","Government Legal Department","Department for Education - Schools & Pupils","65","G7","48400","61000","Legal Adviser","2.55","Law"
"Attorney General's Office","Government Legal Department","Department for Education - Schools & Pupils","65","G6","61200","75200","Senior Legal Adviser","3.80","Law"
"Attorney General's Office","Government Legal Department","Department for Education - Teaching & Independent Schools","68","G7","48400","61000","Legal Adviser","3.00","Law"
"Attorney General's Office","Government Legal Department","Department for Education - Teaching & Independent Schools","68","G6","61200","75200","Senior Legal Adviser","3.00","Law"
"Attorney General's Office","Government Legal Department","Department for Environment, Food & Rural Affairs","121","EO","25150","30000","Legal Officer","1.00","Law"
"Attorney General's Office","Government Legal Department","Department for International Development","43","G7","48400","61000","Legal Adviser","0.60","Law"
"Attorney General's Office","Government Legal Department","Department for International Development","43","G6","61200","75200","Senior Legal Adviser","1.00","Law"
"Attorney General's Office","Government Legal Department","Department for International Trade","132","G7","48400","61000","Legal Team Manager","1.00","Law"
"Attorney General's Office","Government Legal Department","Department for International Trade","132","EO","25150","30000","Legal Officer","2.00","Law"
"Attorney General's Office","Government Legal Department","Department for International Trade - FTAs, Goods, Services, Investment, Regulatory questions, EU, Export Control","133","G7","48400","61000","Legal Adviser","3.60","Law"
"Attorney General's Office","Government Legal Department","Department for International Trade - FTAs, Goods, Services, Investment, Regulatory questions, EU, Export Control","133","G6","61200","75200","Senior Legal Adviser","3.72","Law"
"Attorney General's Office","Government Legal Department","Department for International Trade - WT0, Trade Defence, Trade Disputes, Trade Bill","134","G7","48400","61000","Legal Adviser","2.80","Law"
"Attorney General's Office","Government Legal Department","Department for International Trade - WT0, Trade Defence, Trade Disputes, Trade Bill","134","G6","61200","75200","Senior Legal Adviser","4.00","Law"
"Attorney General's Office","Government Legal Department","Department for Transport - Aviation","91","LO","42000","42000","Legal Manager","1.00","Law"
"Attorney General's Office","Government Legal Department","Department for Transport - Aviation","91","G7","48400","61000","Legal Adviser","3.40","Law"
"Attorney General's Office","Government Legal Department","Department for Transport - Aviation","91","G6","61200","75200","Senior Legal Adviser","6.83","Law"
"Attorney General's Office","Government Legal Department","Department for Transport - Aviation & Maritime Legislation","91","G6","61200","75200","Senior Legal Adviser","0.60","Law"
"Attorney General's Office","Government Legal Department","Department for Transport - Business Delivery","83","HEO","29550","35000","Legal Manager","1.00","Law"
"Attorney General's Office","Government Legal Department","Department for Transport - Business Delivery","83","G7","48400","61000","Legal Adviser","1.00","Law"
"Attorney General's Office","Government Legal Department","Department for Transport - Business Delivery","83","EO","25150","30000","Legal Officer","3.00","Law"
"Attorney General's Office","Government Legal Department","Department for Transport - Business Delivery","83","AO","21850","23800","Legal Support Officer","3.00","Law"
"Attorney General's Office","Government Legal Department","Department for Transport - EU Exit","88","LO","42000","42000","Legal Manager","1.00","Law"
"Attorney General's Office","Government Legal Department","Department for Transport - EU Exit","88","G7","48400","61000","Legal Adviser","1.00","Law"
"Attorney General's Office","Government Legal Department","Department for Transport - EU Exit","88","G6","61200","75200","Senior Legal Adviser","1.00","Law"
"Attorney General's Office","Government Legal Department","Department for Transport - EU Exit - Aviation","88","G7","48400","61000","Legal Adviser","1.00","Law"
"Attorney General's Office","Government Legal Department","Department for Transport - EU Exit - Aviation","88","G6","61200","75200","Senior Legal Adviser","1.00","Law"
"Attorney General's Office","Government Legal Department","Department for Transport - EU Exit - Maritime","88","G7","48400","61000","Legal Adviser","1.00","Law"
"Attorney General's Office","Government Legal Department","Department for Transport - EU Exit - Rail","88","G7","48400","61000","Legal Adviser","1.00","Law"
"Attorney General's Office","Government Legal Department","Department for Transport - EU Exit - Roads","88","G7","48400","61000","Legal Adviser","0.92","Law"
"Attorney General's Office","Government Legal Department","Department for Transport - EU Exit - Roads","88","G6","61200","75200","Senior Legal Adviser","1.00","Law"
"Attorney General's Office","Government Legal Department","Department for Transport - Maritime","92","LO","42000","42000","Legal Manager","2.00","Law"
"Attorney General's Office","Government Legal Department","Department for Transport - Maritime","92","G7","48400","61000","Legal Adviser","1.00","Law"
"Attorney General's Office","Government Legal Department","Department for Transport - Maritime","92","G6","61200","75200","Senior Legal Adviser","4.21","Law"
"Attorney General's Office","Government Legal Department","Department for Transport - Rail and London","86","G7","48400","61000","Legal Adviser","1.78","Law"
"Attorney General's Office","Government Legal Department","Department for Transport - Rail and London","86","G6","61200","75200","Senior Legal Adviser","5.26","Law"
"Attorney General's Office","Government Legal Department","Department for Transport - Rail Commercial Contracts & Procurement","87","G7","48400","61000","Legal Adviser","5.91","Law"
"Attorney General's Office","Government Legal Department","Department for Transport - Rail Commercial Contracts & Procurement","87","G6","61200","75200","Senior Legal Adviser","7.62","Law"
"Attorney General's Office","Government Legal Department","Department for Transport - Rail Group Legislation","86","G6","61200","75200","Senior Legal Adviser","1.00","Law"
"Attorney General's Office","Government Legal Department","Department for Transport - Roads","93","SEO","36250","43000","Legal Manager","1.00","Law"
"Attorney General's Office","Government Legal Department","Department for Transport - Roads Group 1","93","LO","42000","42000","Legal Manager","1.00","Law"
"Attorney General's Office","Government Legal Department","Department for Transport - Roads Group 1","93","G7","48400","61000","Legal Adviser","6.51","Law"
"Attorney General's Office","Government Legal Department","Department for Transport - Roads Group 1","93","G6","61200","75200","Senior Legal Adviser","7.42","Law"
"Attorney General's Office","Government Legal Department","Department for Transport - Roads Group 2","90","G7","48400","61000","Legal Adviser","4.62","Law"
"Attorney General's Office","Government Legal Department","Department for Transport - Roads Group 2","90","G6","61200","75200","Senior Legal Adviser","4.83","Law"
"Attorney General's Office","Government Legal Department","Department for Transport - Roads Group 2","129","G6","61200","75200","Senior Legal Adviser","1.00","Law"
"Attorney General's Office","Government Legal Department","Department for Transport - Roads Group Legislation","93","G6","61200","75200","Senior Legal Adviser","1.00","Law"
"Attorney General's Office","Government Legal Department","Department for Work and Pensions - Benefit Procedures and Disability Benefits","81","G7","48400","61000","Legal Adviser","5.62","Law"
"Attorney General's Office","Government Legal Department","Department for Work and Pensions - Benefit Procedures and Disability Benefits","81","G6","61200","75200","Senior Legal Adviser","3.76","Law"
"Attorney General's Office","Government Legal Department","Department for Work and Pensions - EU, Equalities, Social Justice and Employment Benefits","78","LT","28000","32000","Legal Trainee","1.00","Law"
"Attorney General's Office","Government Legal Department","Department for Work and Pensions - EU, Equalities, Social Justice and Employment Benefits","78","LO","42000","42000","Legal Manager","1.00","Law"
"Attorney General's Office","Government Legal Department","Department for Work and Pensions - EU, Equalities, Social Justice and Employment Benefits","78","G7","48400","61000","Legal Adviser","4.60","Law"
"Attorney General's Office","Government Legal Department","Department for Work and Pensions - EU, Equalities, Social Justice and Employment Benefits","78","G6","61200","75200","Senior Legal Adviser","3.00","Law"
"Attorney General's Office","Government Legal Department","Department for Work and Pensions - Pensions and Child Maintenance","79","LO","42000","42000","Legal Manager","1.00","Law"
"Attorney General's Office","Government Legal Department","Department for Work and Pensions - Pensions and Child Maintenance","79","G7","48400","61000","Legal Adviser","6.61","Law"
"Attorney General's Office","Government Legal Department","Department for Work and Pensions - Pensions and Child Maintenance","79","G6","61200","75200","Senior Legal Adviser","5.43","Law"
"Attorney General's Office","Government Legal Department","Department for Work and Pensions - Support Team","77","SEO","36250","43000","Legal Manager","1.00","Law"
"Attorney General's Office","Government Legal Department","Department for Work and Pensions - Support Team","77","EO","25150","30000","Legal Officer","4.00","Law"
"Attorney General's Office","Government Legal Department","Department for Work and Pensions - Universal Credit and Housing Support","82","G7","48400","61000","Legal Adviser","5.33","Law"
"Attorney General's Office","Government Legal Department","Department for Work and Pensions - Universal Credit and Housing Support","82","G6","61200","75200","Senior Legal Adviser","4.12","Law"
"Attorney General's Office","Government Legal Department","Department for Work and Pensions - Working Age Benefits","80","LO","42000","42000","Legal Manager","2.00","Law"
"Attorney General's Office","Government Legal Department","Department for Work and Pensions - Working Age Benefits","80","G7","48400","61000","Legal Adviser","7.72","Law"
"Attorney General's Office","Government Legal Department","Department for Work and Pensions - Working Age Benefits","80","G6","61200","75200","Senior Legal Adviser","5.45","Law"
"Attorney General's Office","Government Legal Department","Department of Health - EU & Programmes","145","G7","48400","61000","Legal Adviser","3.60","Law"
"Attorney General's Office","Government Legal Department","Department of Health - EU & Programmes","145","G6","61200","75200","Senior Legal Adviser","2.43","Law"
"Attorney General's Office","Government Legal Department","Department of Health - MHRA, Medicines & Information","149","G7","48400","61000","Legal Adviser","4.80","Law"
"Attorney General's Office","Government Legal Department","Department of Health - MHRA, Medicines & Information","149","G6","61200","75200","Senior Legal Adviser","7.00","Law"
"Attorney General's Office","Government Legal Department","Department of Health - NHS & Mental Health","148","G7","48400","61000","Legal Adviser","2.40","Law"
"Attorney General's Office","Government Legal Department","Department of Health - NHS & Mental Health","148","G6","61200","75200","Senior Legal Adviser","4.00","Law"
"Attorney General's Office","Government Legal Department","Department of Health - NHS Workforcee & Funding","147","LT","28000","32000","Legal Trainee","1.00","Law"
"Attorney General's Office","Government Legal Department","Department of Health - NHS Workforcee & Funding","147","G7","48400","61000","Legal Adviser","3.00","Law"
"Attorney General's Office","Government Legal Department","Department of Health - NHS Workforcee & Funding","147","G6","61200","75200","Senior Legal Adviser","3.00","Law"
"Attorney General's Office","Government Legal Department","Department of Health - Public Health & Ethics","144","G7","48400","61000","Legal Adviser","4.21","Law"
"Attorney General's Office","Government Legal Department","Department of Health - Public Health & Ethics","144","G6","61200","75200","Senior Legal Adviser","3.40","Law"
"Attorney General's Office","Government Legal Department","Department of Health - Standards & Social Care","146","G7","48400","61000","Legal Adviser","2.67","Law"
"Attorney General's Office","Government Legal Department","Department of Health - Standards & Social Care","146","G6","61200","75200","Senior Legal Adviser","3.20","Law"
"Attorney General's Office","Government Legal Department","Department of Health - Support Team","57","HEO","29550","35000","Legal Manager","1.00","Law"
"Attorney General's Office","Government Legal Department","Department of Health - Support Team","57","EO","25150","30000","Legal Officer","3.50","Law"
"Attorney General's Office","Government Legal Department","Employment Group","110","HEO","29550","35000","Legal Manager","1.00","Law"
"Attorney General's Office","Government Legal Department","Employment Group","110","G6","61200","75200","Senior Legal Adviser","0.61","Law"
"Attorney General's Office","Government Legal Department","Employment Group","110","EO","25150","30000","Legal Officer","1.00","Law"
"Attorney General's Office","Government Legal Department","Employment Group","110","AO","21850","23800","Legal Support Officer","2.00","Law"
"Attorney General's Office","Government Legal Department","Employment Group Team E1","112","LT","28000","32000","Legal Trainee","1.00","Law"
"Attorney General's Office","Government Legal Department","Employment Group Team E1","112","LO","42000","42000","Legal Manager","1.00","Law"
"Attorney General's Office","Government Legal Department","Employment Group Team E1","112","HEO","29550","35000","Legal Manager","0.60","Law"
"Attorney General's Office","Government Legal Department","Employment Group Team E1","112","G7","48400","61000","Legal Adviser","7.01","Law"
"Attorney General's Office","Government Legal Department","Employment Group Team E1","112","G6","61200","75200","Senior Legal Adviser","5.21","Law"
"Attorney General's Office","Government Legal Department","Employment Group Team E1","112","EO","25150","30000","Legal Officer","3.89","Law"
"Attorney General's Office","Government Legal Department","Employment Group Team E2","113","SEO","36250","43000","Legal Manager","1.00","Law"
"Attorney General's Office","Government Legal Department","Employment Group Team E2","113","LT","28000","32000","Legal Trainee","1.00","Law"
"Attorney General's Office","Government Legal Department","Employment Group Team E2","113","G7","48400","61000","Legal Adviser","13.22","Law"
"Attorney General's Office","Government Legal Department","Employment Group Team E2","113","G6","61200","75200","Senior Legal Adviser","4.60","Law"
"Attorney General's Office","Government Legal Department","Employment Group Team E2","113","EO","25150","30000","Legal Officer","3.83","Law"
"Attorney General's Office","Government Legal Department","Employment Group Team E3","114","G7","48400","61000","Legal Adviser","6.80","Law"
"Attorney General's Office","Government Legal Department","Employment Group Team E3","114","G6","61200","75200","Senior Legal Adviser","9.01","Law"
"Attorney General's Office","Government Legal Department","Employment Group Team E3","114","EO","25150","30000","Legal Officer","2.00","Law"
"Attorney General's Office","Government Legal Department","Employment Group Team E3","114","LT","28000","32000","Legal Trainee","1.00","Law"
"Attorney General's Office","Government Legal Department","Employment Group Team E4","115","G7","48400","61000","Legal Adviser","11.67","Law"
"Attorney General's Office","Government Legal Department","Employment Group Team E4","115","G6","61200","75200","Senior Legal Adviser","7.52","Law"
"Attorney General's Office","Government Legal Department","Employment Group Team E4","115","EO","25150","30000","Legal Officer","2.00","Law"
"Attorney General's Office","Government Legal Department","Employment Group Team E4","115","AO","21850","23800","Legal Support Officer","2.00","Law"
"Attorney General's Office","Government Legal Department","Employment Group Team E5","116","LO","42000","42000","Legal Manager","1.00","Law"
"Attorney General's Office","Government Legal Department","Employment Group Team E5","116","HEO","29550","35000","Legal Manager","1.00","Law"
"Attorney General's Office","Government Legal Department","Employment Group Team E5","116","G7","48400","61000","Legal Adviser","7.60","Law"
"Attorney General's Office","Government Legal Department","Employment Group Team E5","116","G6","61200","75200","Senior Legal Adviser","7.11","Law"
"Attorney General's Office","Government Legal Department","Employment Group Team E5","116","EO","25150","30000","Legal Officer","3.80","Law"
"Attorney General's Office","Government Legal Department","Employment Group Team E5","116","LT","28000","32000","Legal Trainee","1.00","Law"
"Attorney General's Office","Government Legal Department","Government Legal Service Secretariat","130","HEO","29550","35000","Operational Manager","1.00","Operational Delivery"
"Attorney General's Office","Government Legal Department","Government Legal Service Secretariat","130","G7","48400","61000","Operational Team Manager","0.51","Operational Delivery"
"Attorney General's Office","Government Legal Department","Government Legal Service Secretariat","130","EO","25150","30000","Operational Officer","1.00","Operational Delivery"
"Attorney General's Office","Government Legal Department","Her Majesty's Treasury Legal Advisers - Banking & Financial Crime Team","6","LO","42000","42000","Legal Manager","1.00","Law"
"Attorney General's Office","Government Legal Department","Her Majesty's Treasury Legal Advisers - Banking & Financial Crime Team","6","G7","48400","61000","Legal Adviser","2.80","Law"
"Attorney General's Office","Government Legal Department","Her Majesty's Treasury Legal Advisers - Banking & Financial Crime Team","6","G6","61200","75200","Senior Legal Adviser","7.00","Law"
"Attorney General's Office","Government Legal Department","Her Majesty's Treasury Legal Advisers - EU Exit Legislation Team","142","G7","48400","61000","Legal Adviser","2.86","Law"
"Attorney General's Office","Government Legal Department","Her Majesty's Treasury Legal Advisers - EU Exit Legislation Team","142","G6","61200","75200","Senior Legal Adviser","1.88","Law"
"Attorney General's Office","Government Legal Department","Her Majesty's Treasury Legal Advisers - Financial Stability Team","7","G7","48400","61000","Legal Adviser","1.60","Law"
"Attorney General's Office","Government Legal Department","Her Majesty's Treasury Legal Advisers - Financial Stability Team","7","G6","61200","75200","Senior Legal Adviser","4.49","Law"
"Attorney General's Office","Government Legal Department","Her Majesty's Treasury Legal Advisers - Insurance Markets & Mutuals Team","5","G7","48400","61000","Legal Adviser","3.00","Law"
"Attorney General's Office","Government Legal Department","Her Majesty's Treasury Legal Advisers - Insurance Markets & Mutuals Team","5","G6","61200","75200","Senior Legal Adviser","2.40","Law"
"Attorney General's Office","Government Legal Department","Her Majesty's Treasury Legal Advisers - Public Finances & General Team","8","G7","48400","61000","Legal Adviser","2.00","Law"
"Attorney General's Office","Government Legal Department","Her Majesty's Treasury Legal Advisers - Public Finances & General Team","8","G6","61200","75200","Senior Legal Adviser","8.60","Law"
"Attorney General's Office","Government Legal Department","Her Majesty's Treasury Legal Advisers - Public Finances & General Team","8","EO","25150","30000","Legal Officer","1.00","Law"
"Attorney General's Office","Government Legal Department","Home Office Legal - Business Support & Secondary Legislation Unit","102","HEO","29550","35000","Legal Manager","1.00","Law"
"Attorney General's Office","Government Legal Department","Home Office Legal - Business Support & Secondary Legislation Unit","102","EO","25150","30000","Legal Officer","2.00","Law"
"Attorney General's Office","Government Legal Department","Home Office Legal - EU & International Team","106","G7","48400","61000","Legal Adviser","2.60","Law"
"Attorney General's Office","Government Legal Department","Home Office Legal - EU & International Team","106","G6","61200","75200","Senior Legal Adviser","4.00","Law"
"Attorney General's Office","Government Legal Department","Home Office Legal - Northern Ireland Office & Passport Team","109","G7","48400","61000","Legal Adviser","2.50","Law"
"Attorney General's Office","Government Legal Department","Home Office Legal - Northern Ireland Office & Passport Team","109","G6","61200","75200","Senior Legal Adviser","2.60","Law"
"Attorney General's Office","Government Legal Department","Home Office Legal - Policing & Crime Reduction & Fire Team","108","G7","48400","61000","Legal Adviser","5.30","Law"
"Attorney General's Office","Government Legal Department","Home Office Legal - Policing & Crime Reduction & Fire Team","108","G6","61200","75200","Senior Legal Adviser","4.60","Law"
"Attorney General's Office","Government Legal Department","Home Office Legal - Security, International & Organised Crime","107","G7","48400","61000","Legal Adviser","4.83","Law"
"Attorney General's Office","Government Legal Department","Home Office Legal - Security, International & Organised Crime","107","G6","61200","75200","Senior Legal Adviser","2.60","Law"
"Attorney General's Office","Government Legal Department","Home Office Legal - Security, International & Organised Crime","107","AO","21850","23800","Legal Support Officer","1.00","Law"
"Attorney General's Office","Government Legal Department","Home Office Legal - UKBA: Border & Enforcement Team","104","LT","28000","32000","Legal Trainee","2.00","Law"
"Attorney General's Office","Government Legal Department","Home Office Legal - UKBA: Border & Enforcement Team","104","LO","42000","42000","Legal Manager","2.00","Law"
"Attorney General's Office","Government Legal Department","Home Office Legal - UKBA: Border & Enforcement Team","104","G7","48400","61000","Legal Adviser","3.60","Law"
"Attorney General's Office","Government Legal Department","Home Office Legal - UKBA: Border & Enforcement Team","104","G6","61200","75200","Senior Legal Adviser","2.21","Law"
"Attorney General's Office","Government Legal Department","Home Office Legal - UKBA: Border & Enforcement Team","104","AO","21850","23800","Legal Support Officer","1.00","Law"
"Attorney General's Office","Government Legal Department","Home Office Legal - UKBA: Immigration & Asylum Team","105","LT","28000","32000","Legal Trainee","1.00","Law"
"Attorney General's Office","Government Legal Department","Home Office Legal - UKBA: Immigration & Asylum Team","105","LO","42000","42000","Legal Manager","2.00","Law"
"Attorney General's Office","Government Legal Department","Home Office Legal - UKBA: Immigration & Asylum Team","105","G7","48400","61000","Legal Adviser","4.58","Law"
"Attorney General's Office","Government Legal Department","Home Office Legal - UKBA: Immigration & Asylum Team","105","G6","61200","75200","Senior Legal Adviser","4.00","Law"
"Attorney General's Office","Government Legal Department","Home Office Legal Advisory","95","EO","25150","30000","Legal Officer","1.00","Law"
"Attorney General's Office","Government Legal Department","Home Office Legal Advisory","102","EO","25150","30000","Legal Officer","1.00","Law"
"Attorney General's Office","Government Legal Department","Legal Quality Team","95","G7","48400","61000","Legal Adviser","1.00","Law"
"Attorney General's Office","Government Legal Department","Legal Quality Team","95","G6","61200","75200","Senior Legal Adviser","0.83","Law"
"Attorney General's Office","Government Legal Department","Litigation","63","G6","61200","75200","Senior Legal Adviser","0.60","Law"
"Attorney General's Office","Government Legal Department","Litigation - Practice Management Unit","19","SEO","36250","43000","Operational Manager","2.00","Operational Delivery"
"Attorney General's Office","Government Legal Department","Litigation - Practice Management Unit","19","HEO","29550","35000","Operational Manager","2.80","Operational Delivery"
"Attorney General's Office","Government Legal Department","Litigation - Practice Management Unit","19","G7","48400","61000","Operational Team Manager","1.00","Operational Delivery"
"Attorney General's Office","Government Legal Department","Litigation - Practice Management Unit","19","EO","25150","30000","Operational Officer","7.00","Operational Delivery"
"Attorney General's Office","Government Legal Department","Litigation - Practice Management Unit","19","AO","21850","23800","Operational Support Officer","7.60","Operational Delivery"
"Attorney General's Office","Government Legal Department","Litigation A - Private Law & Inquiries","20","EO","25150","30000","Legal Officer","1.00","Law"
"Attorney General's Office","Government Legal Department","Litigation A - Private Law & Inquiries Team A1 - MoJ Private Law","21","LT","28000","32000","Legal Trainee","1.00","Law"
"Attorney General's Office","Government Legal Department","Litigation A - Private Law & Inquiries Team A1 - MoJ Private Law","21","LO","42000","42000","Legal Manager","1.00","Law"
"Attorney General's Office","Government Legal Department","Litigation A - Private Law & Inquiries Team A1 - MoJ Private Law","21","HEO","29550","35000","Legal Manager","1.00","Law"
"Attorney General's Office","Government Legal Department","Litigation A - Private Law & Inquiries Team A1 - MoJ Private Law","21","G7","48400","61000","Legal Adviser","26.71","Law"
"Attorney General's Office","Government Legal Department","Litigation A - Private Law & Inquiries Team A1 - MoJ Private Law","21","G6","61200","75200","Senior Legal Adviser","5.60","Law"
"Attorney General's Office","Government Legal Department","Litigation A - Private Law & Inquiries Team A1 - MoJ Private Law","21","EO","25150","30000","Legal Officer","7.80","Law"
"Attorney General's Office","Government Legal Department","Litigation A - Private Law & Inquiries Team A1 - MoJ Private Law","21","AO","21850","23800","Legal Support Officer","5.00","Law"
"Attorney General's Office","Government Legal Department","Litigation A - Private Law & Inquiries Team A2 - MoJ Private Law","22","PS","22560","24260","Legal Support Officer","1.00","Law"
"Attorney General's Office","Government Legal Department","Litigation A - Private Law & Inquiries Team A2 - MoJ Private Law","22","LO","42000","42000","Legal Manager","4.00","Law"
"Attorney General's Office","Government Legal Department","Litigation A - Private Law & Inquiries Team A2 - MoJ Private Law","22","G7","48400","61000","Legal Adviser","23.47","Law"
"Attorney General's Office","Government Legal Department","Litigation A - Private Law & Inquiries Team A2 - MoJ Private Law","22","G6","61200","75200","Senior Legal Adviser","5.00","Law"
"Attorney General's Office","Government Legal Department","Litigation A - Private Law & Inquiries Team A2 - MoJ Private Law","22","EO","25150","30000","Legal Officer","6.81","Law"
"Attorney General's Office","Government Legal Department","Litigation A - Private Law & Inquiries Team A2 - MoJ Private Law","22","AO","21850","23800","Legal Support Officer","4.00","Law"
"Attorney General's Office","Government Legal Department","Litigation A - Private Law & Inquiries Team A2 - MoJ Private Law","22","LT","28000","32000","Legal Trainee","1.00","Law"
"Attorney General's Office","Government Legal Department","Litigation A - Private Law & Inquiries Team A3 - MoD Private Law","23","LO","42000","42000","Legal Manager","5.00","Law"
"Attorney General's Office","Government Legal Department","Litigation A - Private Law & Inquiries Team A3 - MoD Private Law","23","G7","48400","61000","Legal Adviser","11.60","Law"
"Attorney General's Office","Government Legal Department","Litigation A - Private Law & Inquiries Team A3 - MoD Private Law","23","G6","61200","75200","Senior Legal Adviser","6.80","Law"
"Attorney General's Office","Government Legal Department","Litigation A - Private Law & Inquiries Team A3 - MoD Private Law","23","EO","25150","30000","Legal Officer","2.00","Law"
"Attorney General's Office","Government Legal Department","Litigation A - Private Law & Inquiries Team A3 - MoD Private Law","23","AO","21850","23800","Legal Support Officer","1.60","Law"
"Attorney General's Office","Government Legal Department","Litigation A - Private Law & Inquiries Team A8 - MoD Private Law","143","LO","42000","42000","Legal Manager","1.00","Law"
"Attorney General's Office","Government Legal Department","Litigation A - Private Law & Inquiries Team A8 - MoD Private Law","143","G7","48400","61000","Legal Adviser","12.20","Law"
"Attorney General's Office","Government Legal Department","Litigation A - Private Law & Inquiries Team A8 - MoD Private Law","143","G6","61200","75200","Senior Legal Adviser","5.08","Law"
"Attorney General's Office","Government Legal Department","Litigation A - Private Law & Inquiries Team A8 - MoD Private Law","143","EO","25150","30000","Legal Officer","2.00","Law"
"Attorney General's Office","Government Legal Department","Litigation A - Private Law & Inquiries Team A8 - MoD Private Law","143","AO","21850","23800","Legal Support Officer","2.00","Law"
"Attorney General's Office","Government Legal Department","Litigation A - Private Law & Inquiries Team B4 - Justice & Security Public Law","24","LT","28000","32000","Legal Trainee","2.00","Law"
"Attorney General's Office","Government Legal Department","Litigation A - Private Law & Inquiries Team B4 - Justice & Security Public Law","24","LO","42000","42000","Legal Manager","1.00","Law"
"Attorney General's Office","Government Legal Department","Litigation A - Private Law & Inquiries Team B4 - Justice & Security Public Law","24","G7","48400","61000","Legal Adviser","15.92","Law"
"Attorney General's Office","Government Legal Department","Litigation A - Private Law & Inquiries Team B4 - Justice & Security Public Law","24","G6","61200","75200","Senior Legal Adviser","9.14","Law"
"Attorney General's Office","Government Legal Department","Litigation A - Private Law & Inquiries Team B4 - Justice & Security Public Law","24","EO","25150","30000","Legal Officer","4.00","Law"
"Attorney General's Office","Government Legal Department","Litigation A - Private Law & Inquiries Team B4 - Justice & Security Public Law","24","AO","21850","23800","Legal Support Officer","3.00","Law"
"Attorney General's Office","Government Legal Department","Litigation A - Private Law & Inquiries Team N1- National Security and Counter Terrorism Team","26","G7","48400","61000","Legal Adviser","11.13","Law"
"Attorney General's Office","Government Legal Department","Litigation A - Private Law & Inquiries Team N1- National Security and Counter Terrorism Team","26","G6","61200","75200","Senior Legal Adviser","8.83","Law"
"Attorney General's Office","Government Legal Department","Litigation A - Private Law & Inquiries Team N1- National Security and Counter Terrorism Team","26","EO","25150","30000","Legal Officer","2.80","Law"
"Attorney General's Office","Government Legal Department","Litigation A - Private Law & Inquiries Team N1- National Security and Counter Terrorism Team","26","AO","21850","23800","Legal Support Officer","2.00","Law"
"Attorney General's Office","Government Legal Department","Litigation B - Public Law","27","SEO","36250","43000","Legal Manager","1.00","Law"
"Attorney General's Office","Government Legal Department","Litigation B - Public Law","27","LT","28000","32000","Legal Trainee","1.00","Law"
"Attorney General's Office","Government Legal Department","Litigation B - Public Law","27","G7","48400","61000","Legal Adviser","1.00","Law"
"Attorney General's Office","Government Legal Department","Litigation B - Public Law","27","EO","25150","30000","Legal Officer","5.90","Law"
"Attorney General's Office","Government Legal Department","Litigation B - Public Law","27","AO","21850","23800","Legal Support Officer","15.60","Law"
"Attorney General's Office","Government Legal Department","Litigation B - Public Law Team B1 - Immigration","27","SEO","36250","43000","Legal Manager","1.00","Law"
"Attorney General's Office","Government Legal Department","Litigation B - Public Law Team B1 - Immigration","28","LT","28000","32000","Legal Trainee","2.00","Law"
"Attorney General's Office","Government Legal Department","Litigation B - Public Law Team B1 - Immigration","28","HEO","29550","35000","Legal Manager","4.00","Law"
"Attorney General's Office","Government Legal Department","Litigation B - Public Law Team B1 - Immigration","28","G7","48400","61000","Legal Adviser","16.19","Law"
"Attorney General's Office","Government Legal Department","Litigation B - Public Law Team B1 - Immigration","28","G6","61200","75200","Senior Legal Adviser","4.89","Law"
"Attorney General's Office","Government Legal Department","Litigation B - Public Law Team B1 - Immigration","28","EO","25150","30000","Legal Officer","15.00","Law"
"Attorney General's Office","Government Legal Department","Litigation B - Public Law Team B1 - Immigration","28","AO","21850","23800","Legal Support Officer","3.00","Law"
"Attorney General's Office","Government Legal Department","Litigation B - Public Law Team B2 - Immigration","29","LT","28000","32000","Legal Trainee","2.00","Law"
"Attorney General's Office","Government Legal Department","Litigation B - Public Law Team B2 - Immigration","29","LO","42000","42000","Legal Manager","1.00","Law"
"Attorney General's Office","Government Legal Department","Litigation B - Public Law Team B2 - Immigration","29","HEO","29550","35000","Legal Manager","6.00","Law"
"Attorney General's Office","Government Legal Department","Litigation B - Public Law Team B2 - Immigration","29","G7","48400","61000","Legal Adviser","15.80","Law"
"Attorney General's Office","Government Legal Department","Litigation B - Public Law Team B2 - Immigration","29","G6","61200","75200","Senior Legal Adviser","5.89","Law"
"Attorney General's Office","Government Legal Department","Litigation B - Public Law Team B2 - Immigration","29","EO","25150","30000","Legal Officer","11.80","Law"
"Attorney General's Office","Government Legal Department","Litigation B - Public Law Team B2 - Immigration","29","AO","21850","23800","Legal Support Officer","5.00","Law"
"Attorney General's Office","Government Legal Department","Litigation B - Public Law Team B3 - Immigration","30","LT","28000","32000","Legal Trainee","2.00","Law"
"Attorney General's Office","Government Legal Department","Litigation B - Public Law Team B3 - Immigration","30","LO","42000","42000","Legal Manager","1.00","Law"
"Attorney General's Office","Government Legal Department","Litigation B - Public Law Team B3 - Immigration","30","HEO","29550","35000","Legal Manager","5.00","Law"
"Attorney General's Office","Government Legal Department","Litigation B - Public Law Team B3 - Immigration","30","G7","48400","61000","Legal Adviser","14.33","Law"
"Attorney General's Office","Government Legal Department","Litigation B - Public Law Team B3 - Immigration","30","G6","61200","75200","Senior Legal Adviser","4.81","Law"
"Attorney General's Office","Government Legal Department","Litigation B - Public Law Team B3 - Immigration","30","EO","25150","30000","Legal Officer","10.80","Law"
"Attorney General's Office","Government Legal Department","Litigation B - Public Law Team B3 - Immigration","30","AO","21850","23800","Legal Support Officer","5.00","Law"
"Attorney General's Office","Government Legal Department","Litigation B - Public Law Team B5 - General Public Law & Planning","33","LT","28000","32000","Legal Trainee","3.00","Law"
"Attorney General's Office","Government Legal Department","Litigation B - Public Law Team B5 - General Public Law & Planning","33","HEO","29550","35000","Legal Manager","1.00","Law"
"Attorney General's Office","Government Legal Department","Litigation B - Public Law Team B5 - General Public Law & Planning","33","G7","48400","61000","Legal Adviser","17.60","Law"
"Attorney General's Office","Government Legal Department","Litigation B - Public Law Team B5 - General Public Law & Planning","33","G6","61200","75200","Senior Legal Adviser","7.00","Law"
"Attorney General's Office","Government Legal Department","Litigation B - Public Law Team B5 - General Public Law & Planning","33","EO","25150","30000","Legal Officer","4.00","Law"
"Attorney General's Office","Government Legal Department","Litigation B - Public Law Team B5 - General Public Law & Planning","33","AO","21850","23800","Legal Support Officer","1.67","Law"
"Attorney General's Office","Government Legal Department","Litigation B - Public Law Team B6 - General Public Law","34","LO","42000","42000","Legal Manager","1.00","Law"
"Attorney General's Office","Government Legal Department","Litigation B - Public Law Team B6 - General Public Law","34","HEO","29550","35000","Legal Manager","1.00","Law"
"Attorney General's Office","Government Legal Department","Litigation B - Public Law Team B6 - General Public Law","34","G7","48400","61000","Legal Adviser","8.20","Law"
"Attorney General's Office","Government Legal Department","Litigation B - Public Law Team B6 - General Public Law","34","G6","61200","75200","Senior Legal Adviser","3.89","Law"
"Attorney General's Office","Government Legal Department","Litigation B - Public Law Team B6 - General Public Law","34","EO","25150","30000","Legal Officer","4.00","Law"
"Attorney General's Office","Government Legal Department","Litigation B - Public Law Team B6 - General Public Law","34","AO","21850","23800","Legal Support Officer","3.60","Law"
"Attorney General's Office","Government Legal Department","Litigation B - Public Law Team B8 - Immigration","31","LT","28000","32000","Legal Trainee","1.00","Law"
"Attorney General's Office","Government Legal Department","Litigation B - Public Law Team B8 - Immigration","31","HEO","29550","35000","Legal Manager","4.80","Law"
"Attorney General's Office","Government Legal Department","Litigation B - Public Law Team B8 - Immigration","31","G7","48400","61000","Legal Adviser","16.98","Law"
"Attorney General's Office","Government Legal Department","Litigation B - Public Law Team B8 - Immigration","31","G6","61200","75200","Senior Legal Adviser","4.60","Law"
"Attorney General's Office","Government Legal Department","Litigation B - Public Law Team B8 - Immigration","31","EO","25150","30000","Legal Officer","10.00","Law"
"Attorney General's Office","Government Legal Department","Litigation B - Public Law Team B8 - Immigration","31","AO","21850","23800","Legal Support Officer","5.69","Law"
"Attorney General's Office","Government Legal Department","Ministry of Defence - Command Discipline & Constitutional Team","73","G7","48400","61000","Legal Adviser","3.00","Law"
"Attorney General's Office","Government Legal Department","Ministry of Defence - Command Discipline & Constitutional Team","73","G6","61200","75200","Senior Legal Adviser","3.00","Law"
"Attorney General's Office","Government Legal Department","Ministry of Defence - Commercial Law Team","76","LO","42000","42000","Legal Manager","1.00","Law"
"Attorney General's Office","Government Legal Department","Ministry of Defence - Commercial Law Team","76","G7","48400","61000","Legal Adviser","15.05","Law"
"Attorney General's Office","Government Legal Department","Ministry of Defence - Commercial Law Team","76","G6","61200","75200","Senior Legal Adviser","6.21","Law"
"Attorney General's Office","Government Legal Department","Ministry of Defence - General Law Team","72","G7","48400","61000","Legal Adviser","3.00","Law"
"Attorney General's Office","Government Legal Department","Ministry of Defence - General Law Team","72","G6","61200","75200","Senior Legal Adviser","4.00","Law"
"Attorney General's Office","Government Legal Department","Ministry of Defence - Legal Advisor's Office in Cyprus","75","G7","48400","61000","Legal Adviser","1.00","Law"
"Attorney General's Office","Government Legal Department","Ministry of Defence - Legal Advisor's Office in Cyprus","75","G6","61200","75200","Senior Legal Adviser","3.00","Law"
"Attorney General's Office","Government Legal Department","Ministry of Defence - Legal Services in Germany","72","G6","61200","75200","Senior Legal Adviser","1.00","Law"
"Attorney General's Office","Government Legal Department","Ministry of Defence - Operational & nternational Humanitarian Law Team (incl) HD PJHQ Legal Post","71","G6","61200","75200","Senior Legal Adviser","5.00","Law"
"Attorney General's Office","Government Legal Department","Ministry of Defence - Property Team","139","SEO","36250","43000","Legal Manager","3.00","Law"
"Attorney General's Office","Government Legal Department","Ministry of Defence - Property Team","139","HEO","29550","35000","Legal Manager","2.65","Law"
"Attorney General's Office","Government Legal Department","Ministry of Justice - Civil & Family","11","LT","28000","32000","Legal Trainee","0.60","Law"
"Attorney General's Office","Government Legal Department","Ministry of Justice - Civil & Family","11","LO","42000","42000","Legal Manager","1.00","Law"
"Attorney General's Office","Government Legal Department","Ministry of Justice - Civil & Family","11","G7","48400","61000","Legal Adviser","2.60","Law"
"Attorney General's Office","Government Legal Department","Ministry of Justice - Civil & Family","11","G6","61200","75200","Senior Legal Adviser","5.14","Law"
"Attorney General's Office","Government Legal Department","Ministry of Justice - Court, Tribunals, Judiciary & Coroners","12","LO","42000","42000","Legal Manager","1.00","Law"
"Attorney General's Office","Government Legal Department","Ministry of Justice - Court, Tribunals, Judiciary & Coroners","12","G7","48400","61000","Legal Adviser","1.74","Law"
"Attorney General's Office","Government Legal Department","Ministry of Justice - Court, Tribunals, Judiciary & Coroners","12","G6","61200","75200","Senior Legal Adviser","2.60","Law"
"Attorney General's Office","Government Legal Department","Ministry of Justice - Human Rights, Crime & Sentencing Team","17","LT","28000","32000","Legal Trainee","1.00","Law"
"Attorney General's Office","Government Legal Department","Ministry of Justice - Human Rights, Crime & Sentencing Team","17","G7","48400","61000","Legal Adviser","4.53","Law"
"Attorney General's Office","Government Legal Department","Ministry of Justice - Human Rights, Crime & Sentencing Team","17","G6","61200","75200","Senior Legal Adviser","2.86","Law"
"Attorney General's Office","Government Legal Department","Ministry of Justice - Justice Reform & Legal Aid","15","LO","42000","42000","Legal Manager","1.00","Law"
"Attorney General's Office","Government Legal Department","Ministry of Justice - Justice Reform & Legal Aid","15","G7","48400","61000","Legal Adviser","1.80","Law"
"Attorney General's Office","Government Legal Department","Ministry of Justice - Justice Reform & Legal Aid","15","G6","61200","75200","Senior Legal Adviser","2.63","Law"
"Attorney General's Office","Government Legal Department","Ministry of Justice - Legal Aid Agency","16","G7","48400","61000","Legal Adviser","5.00","Law"
"Attorney General's Office","Government Legal Department","Ministry of Justice - Legal Aid Agency","16","G6","61200","75200","Senior Legal Adviser","2.89","Law"
"Attorney General's Office","Government Legal Department","Ministry of Justice - Offender Management","14","G7","48400","61000","Legal Adviser","4.81","Law"
"Attorney General's Office","Government Legal Department","Ministry of Justice - Offender Management","14","G6","61200","75200","Senior Legal Adviser","3.40","Law"
"Attorney General's Office","Government Legal Department","Ministry of Justice Advisory","10","EO","25150","30000","Legal Officer","1.00","Law"
"Attorney General's Office","Government Legal Department","Private Office","1","HEO","29550","35000","Operational Manager","1.00","Operational Delivery"
"Attorney General's Office","Government Legal Department","Private Office","1","EO","25150","30000","Operational Officer","2.00","Operational Delivery"
"Attorney General's Office","Government Legal Department","Private Office","1","AO","21850","23800","Operational Support Officer","1.00","Operational Delivery"
"Attorney General's Office","Government Legal Department","Secondment Out","129","LT","28000","32000","Legal Trainee","6.00","Law"
"Attorney General's Office","Government Legal Department","Secondment Out","129","G7","48400","61000","Not in Post","7.91","Other"
"Attorney General's Office","Government Legal Department","Secondment Out","129","G6","61200","75200","Not in Post","12.83","Other"
"Attorney General's Office","Government Legal Department","Secondment Out","129","EO","25150","30000","Not in Post","2.00","Other"
"Attorney General's Office","Government Legal Department","Department for Environment, Food & Rural Affairs - Agricultural Law (AL)","120","LO","42000","42000","Legal Manager","1.00","Law"
"Attorney General's Office","Government Legal Department","Department for Environment, Food & Rural Affairs - Agricultural Law (AL)","120","G7","48400","61000","Legal Adviser","6.20","Law"
"Attorney General's Office","Government Legal Department","Department for Environment, Food & Rural Affairs - Agricultural Law (AL)","120","G6","61200","75200","Senior Legal Adviser","3.27","Law"
"Attorney General's Office","Government Legal Department","Department for Environment, Food & Rural Affairs - Agricultural Law (AL)","120","AO","21850","23800","Legal Support Officer","1.00","Law"
"Attorney General's Office","Government Legal Department","Department for Environment, Food & Rural Affairs - Animal Health and Welfare, Plants and Food Team as of 01/2017","119","G7","48400","61000","Legal Adviser","3.20","Law"
"Attorney General's Office","Government Legal Department","Department for Environment, Food & Rural Affairs - Animal Health and Welfare, Plants and Food Team as of 01/2017","119","G6","61200","75200","Senior Legal Adviser","3.70","Law"
"Attorney General's Office","Government Legal Department","Department for Environment, Food & Rural Affairs - Animal Health and Welfare, Plants and Food Team as of 01/2017","119","AO","21850","23800","Legal Support Officer","1.00","Law"
"Attorney General's Office","Government Legal Department","Department for Environment, Food & Rural Affairs - Biodiversity, Marine and Wildlife (BMW)","118","G7","48400","61000","Legal Adviser","4.07","Law"
"Attorney General's Office","Government Legal Department","Department for Environment, Food & Rural Affairs - Biodiversity, Marine and Wildlife (BMW)","118","G6","61200","75200","Senior Legal Adviser","5.18","Law"
"Attorney General's Office","Government Legal Department","Department for Environment, Food & Rural Affairs - Biodiversity, Marine and Wildlife (BMW)","118","AO","21850","23800","Legal Support Officer","1.00","Law"
"Attorney General's Office","Government Legal Department","Department for Environment, Food & Rural Affairs - Business Management Unit (BMU)","117","HEO","29550","35000","Legal Manager","1.00","Law"
"Attorney General's Office","Government Legal Department","Department for Environment, Food & Rural Affairs - Business Management Unit (BMU)","117","G7","48400","61000","Legal Adviser","0.63","Law"
"Attorney General's Office","Government Legal Department","Department for Environment, Food & Rural Affairs - Business Management Unit (BMU)","117","G6","61200","75200","Senior Legal Adviser","1.00","Law"
"Attorney General's Office","Government Legal Department","Department for Environment, Food & Rural Affairs - Business Management Unit (BMU)","117","AO","21850","23800","Legal Support Officer","1.00","Law"
"Attorney General's Office","Government Legal Department","Department for Environment, Food & Rural Affairs - Environmental Quality and Countryside (EQC)","122","G7","48400","61000","Legal Adviser","2.40","Law"
"Attorney General's Office","Government Legal Department","Department for Environment, Food & Rural Affairs - Environmental Quality and Countryside (EQC)","122","G6","61200","75200","Senior Legal Adviser","4.00","Law"
"Attorney General's Office","Government Legal Department","Department for Environment, Food & Rural Affairs - International, EU Exit and Trade Team","123","G7","48400","61000","Legal Adviser","5.00","Law"
"Attorney General's Office","Government Legal Department","Department for Environment, Food & Rural Affairs - International, EU Exit and Trade Team","123","G6","61200","75200","Senior Legal Adviser","5.80","Law"
"Attorney General's Office","Government Legal Department","Department for Environment, Food & Rural Affairs - International, EU Exit and Trade Team","123","AO","21850","23800","Legal Support Officer","1.00","Law"
"Attorney General's Office","Government Legal Department","Department for Environment, Food & Rural Affairs - Water Team (WT)","121","LO","42000","42000","Legal Manager","1.00","Law"
"Attorney General's Office","Government Legal Department","Department for Environment, Food & Rural Affairs - Water Team (WT)","121","G7","48400","61000","Legal Adviser","3.89","Law"
"Attorney General's Office","Government Legal Department","Department for Environment, Food & Rural Affairs - Water Team (WT)","121","G6","61200","75200","Senior Legal Adviser","3.47","Law"
"Attorney General's Office","Government Legal Department","Department for Exiting the European Union Legal Advisers - EU Business","37","G7","48400","61000","Legal Adviser","2.00","Law"
"Attorney General's Office","Government Legal Department","Department for Exiting the European Union Legal Advisers - EU Business","37","G6","61200","75200","Senior Legal Adviser","4.00","Law"
"Attorney General's Office","Government Legal Department","Department for Exiting the European Union Legal Advisers - EU Withdrawal","140","LT","28000","32000","Legal Trainee","1.00","Law"
"Attorney General's Office","Government Legal Department","Department for Exiting the European Union Legal Advisers - EU Withdrawal","140","G7","48400","61000","Legal Adviser","2.50","Law"
"Attorney General's Office","Government Legal Department","Department for Exiting the European Union Legal Advisers - EU Withdrawal","140","G6","61200","75200","Senior Legal Adviser","3.00","Law"
"Attorney General's Office","Government Legal Department","Department for Exiting the European Union Legal Advisers - Future relationship","141","G7","48400","61000","Legal Adviser","4.00","Law"
"Attorney General's Office","Government Legal Department","Department for Exiting the European Union Legal Advisers - Future relationship","141","G6","61200","75200","Senior Legal Adviser","4.20","Law"
"Attorney General's Office","Government Legal Department","Department for Exiting the European Union Legal Advisers - Legislation","36","G7","48400","61000","Legal Adviser","1.82","Law"
"Attorney General's Office","Government Legal Department","Department for Exiting the European Union Legal Advisers - Legislation","36","G6","61200","75200","Senior Legal Adviser","5.00","Law"
"Attorney General's Office","Government Legal Department","Department for Exiting the European Union Legal Advisers - Professional Support Team","135","EO","25150","30000","Legal Officer","2.00","Law"
"Attorney General's Office","Government Legal Department","Department for Exiting the European Union Legal Advisers - Professional Support Team","135","AO","21850","23800","Legal Support Officer","3.00","Law"
"Attorney General's Office","Government Legal Department","Department for Transport - Rail Projects","85","G7","48400","61000","Legal Adviser","1.00","Law"
"Attorney General's Office","Government Legal Department","Department for Transport - Rail Projects","85","G6","61200","75200","Senior Legal Adviser","3.92","Law"
"Attorney General's Office","Government Legal Department","Government Equalities Office","66","G7","48400","61000","Legal Adviser","1.81","Law"
"Attorney General's Office","Government Legal Department","Government Equalities Office","66","G6","61200","75200","Senior Legal Adviser","2.53","Law"
"Attorney General's Office","Government Legal Department","Health & Safety Executive","47","LT","28000","32000","Legal Trainee","1.00","Law"
"Attorney General's Office","Government Legal Department","Health & Safety Executive","47","G7","48400","61000","Legal Adviser","2.80","Law"
"Attorney General's Office","Government Legal Department","Health & Safety Executive","47","G6","61200","75200","Senior Legal Adviser","5.03","Law"
"Attorney General's Office","Government Legal Department","Health & Safety Executive","47","EO","25150","30000","Legal Officer","0.67","Law"
"Attorney General's Office","Government Legal Department","Litigation A - Private Law & Inquiries Team A5 - General Private Law, Companies, Costs and Inquiries Team","25","SEO","36250","43000","Legal Manager","5.71","Law"
"Attorney General's Office","Government Legal Department","Litigation A - Private Law & Inquiries Team A5 - General Private Law, Companies, Costs and Inquiries Team","25","LT","28000","32000","Legal Trainee","1.00","Law"
"Attorney General's Office","Government Legal Department","Litigation A - Private Law & Inquiries Team A5 - General Private Law, Companies, Costs and Inquiries Team","25","HEO","29550","35000","Legal Manager","4.00","Law"
"Attorney General's Office","Government Legal Department","Litigation A - Private Law & Inquiries Team A5 - General Private Law, Companies, Costs and Inquiries Team","25","G7","48400","61000","Legal Adviser","7.34","Law"
"Attorney General's Office","Government Legal Department","Litigation A - Private Law & Inquiries Team A5 - General Private Law, Companies, Costs and Inquiries Team","25","G6","61200","75200","Senior Legal Adviser","5.00","Law"
"Attorney General's Office","Government Legal Department","Litigation A - Private Law & Inquiries Team A5 - General Private Law, Companies, Costs and Inquiries Team","25","EO","25150","30000","Legal Officer","11.80","Law"
"Attorney General's Office","Government Legal Department","Litigation A - Private Law & Inquiries Team A5 - General Private Law, Companies, Costs and Inquiries Team","25","AO","21850","23800","Legal Support Officer","14.00","Law"
"Attorney General's Office","Government Legal Department","Litigation B - Public Law Team A4 - General Private Law and The Attorney-General group and The Special Advocates Support Office","32","PS","22560","24260","Legal Support Officer","1.00","Law"
"Attorney General's Office","Government Legal Department","Litigation B - Public Law Team A4 - General Private Law and The Attorney-General group and The Special Advocates Support Office","32","LT","28000","32000","Legal Trainee","1.00","Law"
"Attorney General's Office","Government Legal Department","Litigation B - Public Law Team A4 - General Private Law and The Attorney-General group and The Special Advocates Support Office","32","LO","42000","42000","Legal Manager","3.00","Law"
"Attorney General's Office","Government Legal Department","Litigation B - Public Law Team A4 - General Private Law and The Attorney-General group and The Special Advocates Support Office","32","G7","48400","61000","Legal Adviser","16.68","Law"
"Attorney General's Office","Government Legal Department","Litigation B - Public Law Team A4 - General Private Law and The Attorney-General group and The Special Advocates Support Office","32","G6","61200","75200","Senior Legal Adviser","6.39","Law"
"Attorney General's Office","Government Legal Department","Litigation B - Public Law Team A4 - General Private Law and The Attorney-General group and The Special Advocates Support Office","32","EO","25150","30000","Legal Officer","11.00","Law"
"Attorney General's Office","Government Legal Department","Litigation B - Public Law Team A4 - General Private Law and The Attorney-General group and The Special Advocates Support Office","32","AO","21850","23800","Legal Support Officer","5.36","Law"
"Attorney General's Office","Government Legal Department","Parental/Maternity/Adoption/Other Leave","69","G7","48400","61000","Legal Adviser","2.00","Law"
"Attorney General's Office","Government Legal Department","Parental/Maternity/Adoption/Other Leave","69","G6","61200","75200","Senior Legal Adviser","5.70","Law"
"Attorney General's Office","Government Legal Department","Parental/Maternity/Adoption/Other Leave","138","G7","48400","61000","Legal Adviser","3.80","Law"
"Attorney General's Office","Government Legal Department","Parental/Maternity/Adoption/Other Leave","138","G6","61200","75200","Senior Legal Adviser","4.69","Law"
"Attorney General's Office","Government Legal Department","Parental/Maternity/Adoption/Other Leave","129","SEO","36250","43000","Not in Post","2.00","Other"
"Attorney General's Office","Government Legal Department","Parental/Maternity/Adoption/Other Leave","129","LT","28000","32000","Not in Post","1.00","Other"
"Attorney General's Office","Government Legal Department","Parental/Maternity/Adoption/Other Leave","129","HEO","29550","35000","Not in Post","3.00","Other"
"Attorney General's Office","Government Legal Department","Parental/Maternity/Adoption/Other Leave","129","G7","48400","61000","Not in Post","32.17","Other"
"Attorney General's Office","Government Legal Department","Parental/Maternity/Adoption/Other Leave","129","G6","61200","75200","Not in Post","13.03","Other"
"Attorney General's Office","Government Legal Department","Parental/Maternity/Adoption/Other Leave","129","EO","25150","30000","Not in Post","4.00","Other"
"Attorney General's Office","Government Legal Department","Parental/Maternity/Adoption/Other Leave","129","AO","21850","23800","Not in Post","1.00","Other"
