MAPID;YEAR_CREATED;NAME;STREET_NUMBER;STREET_DIRECTION;STREET_NAME;STREET_TYPE;MERGED_ADDRESS;NUMBER_OF_PLOTS;NUMBER_OF_FOOD_TREES;NOTES;FOOD_TREE_VARIETIES;OTHER_FOOD_ASSETS;JURISDICTION;STEWARD_OR_MANAGING_ORGANIZATION;PUBLIC_E_MAIL;WEBSITE;Geo Local Area;Geom
FA001;Pre-2010;0 - Private Developments - Community Shared;;;;;;507;;;;;Private;;;;;
FA008;;Arbutus Village Park;4202;;Valley;Drive;4202 Valley Drive, Vancouver, BC;0;9;;Crabapple;;Park Board;;;;Arbutus-Ridge;"{""type"": ""Point"", ""coordinates"": [-123.1549951, 49.2507172]}"
FA013;2012;Brewery Creek Community Garden;2390;;Brunswick;St;2390 Brunswick St, Vancouver, BC;40;11;;"Bramley's seedling apple; cortland apple; early macintosh apple; Jonafree apple; Jonagold apple; Lodi apple; Nova Mac apple; Evans cherry - hardy; Juliet cherry - hardy; Persimmon fuju; van cherry";;Park Board;Urban Diggers Society;brewerycreekgarden@gmail.com;http://brewerycreekgarden.wix.com/home;Mount Pleasant;"{""type"": ""Point"", ""coordinates"": [-123.09573323, 49.26416489]}"
FA014;;Burrard View Park;650;N;Penticton;St;650 N Penticton St, Vancouver, BC;0;1;;Cherry;;Park Board;;;;Hastings-Sunrise;"{""type"": ""Point"", ""coordinates"": [-123.0519175, 49.2912065]}"
FA015;pre-1970;Callister Park;2875;;Oxford;St;2875 Oxford St, Vancouver, BC;0;4;;Apple;;Park Board;;;;Hastings-Sunrise;"{""type"": ""Point"", ""coordinates"": [-123.0453833, 49.28618]}"
FA025;2013;Charleson Park Community Garden;999;;Charleson;St;999 Charleson St, Vancouver, BC;38;;;;;Park Board;False Creek South Neighbourhood Association;charlesongarden@gmail.com;http://www.charlesongarden.ca/;Fairview;"{""type"": ""Point"", ""coordinates"": [-123.12573796, 49.26776479]}"
FA027;2010;Cheyenne Community Garden;2755;;Cheyenne;Av;2755 Cheyenne Av, Vancouver, BC;37;7;inc by 3 plots in 2016;Plums, heritage apples;;City;Collingwood Neighbourhood House Society;foodsecurity@cnh.bc.ca;http://rcfsi.blogspot.ca;Renfrew-Collingwood;"{""type"": ""Point"", ""coordinates"": [-123.0480587, 49.2414955]}"
FA034;2013;City Hall expansion;453;W;12th;Av;453 W 12th Av, Vancouver, BC;10;;;;;City;pending;vancouvercityhallgarden@gmail.com;;Mount Pleasant;"{""type"": ""Point"", ""coordinates"": [-123.1139357, 49.2613159]}"
FA036;2008;Cityview Baptist Church;4370;;Sophia;St;4370 Sophia  St, Vancouver, BC;6;1;;Heritage apple;;Private;Neighbours;cityview.community.garden@gmail.com;http://cityviewchurch.ca/;Riley Park;"{""type"": ""Point"", ""coordinates"": [-123.099148, 49.2459664]}"
FA039;2006;Collingwood Community Gardens;3100;;Vanness;Av;3100 Vanness Av, Vancouver, BC;30;;;;;Translink;Renfrew Collingwood Food Security Institute;foodsecurity@cnh.bc.ca;http://rcfsi.blogspot.ca;Renfrew-Collingwood;"{""type"": ""Point"", ""coordinates"": [-123.0302, 49.23774]}"
FA040;2012;Copley Community Orchard;3590;;Copley;St;3590 Copley St, Vancouver, BC;3;100;;range of varieties of perenial fruit and vegetables;;City;Copley Community Orchard Society;membership@copleycommunityorchard.com;http://www.copleycommunityorchard.com;Kensington-Cedar Cottage;"{""type"": ""Point"", ""coordinates"": [-123.0578738, 49.2498017]}"
FA043;2009;CROWS Point Community Garden;2299;E;24th;Av;2299 E 24th Av, Vancouver, BC;30;;;;;City;CROWS Point Community Garden Society;crows.point@gmail.com;https://www.facebook.com/crowspoint/;Kensington-Cedar Cottage;"{""type"": ""Point"", ""coordinates"": [-123.0579937, 49.2488724]}"
FA045;2009;Davie Village Garden;1157;;Burrard;St;1157 Burrard  St, Vancouver, BC;100;;;;;Private;Vancouver Public Space Network;dvgarden@gmail.com;;West End;"{""type"": ""Point"", ""coordinates"": [-123.1293018, 49.2795117]}"
FA048;2011;Dowtown Intercultural Gardeners Society (DIGS);1081;;Burrard;St;1081 Burrard St, Vancouver, BC;46;;corrected from 120 to 46 (28 plots + 18 planters) in 2016;;;Private;Downtown Intercultural Gardeners Society;digsvancouver@gmail.com;http://www.digsvancouver.ca/;West End;"{""type"": ""Point"", ""coordinates"": [-123.1290006, 49.2805963]}"
FA050;2013;Dunbar and 41st;5580;;Dunbar;St;5580 Dunbar St, Vancouver, BC;36;;;;;Private;shifting growth;;;Dunbar-Southlands;"{""type"": ""Point"", ""coordinates"": [-123.1850682, 49.2358897]}"
FA056;2010;Falaise Park;3434;;Falaise;Av;3434 Falaise Av, Vancouver, BC;0;25;;Apple, cherry, plum, pear, peach;;Park Board;Vancouver Christian School;;;Renfrew-Collingwood;"{""type"": ""Point"", ""coordinates"": [-123.0300574, 49.2550923]}"
FA058;2014;Fraserlands Community Garden (Riverfront Park);2750;E;South Kent;St;2750 E South Kent St, Vancouver, BC;38;;;;;Park Board;South Vancouver Family Place;fraserlandscommunitygardening@gmail.com;https://www.facebook.com/FraserlandsCommunityGardening/;Killarney;"{""type"": ""Point"", ""coordinates"": [-123.05065448, 49.20587682]}"
FA060;2007;Frog Hollow Neighbourhood House Garden 1;2703;E;1st;Av;2703 E 1st  Av, Vancouver, BC;5;;;;;Other;Frog Hollow Neighbourhood House;eva@froghollow.bc.ca;http://www.froghollow.bc.ca;Hastings-Sunrise;"{""type"": ""Point"", ""coordinates"": [-123.0493039, 49.2698011]}"
FA061;2007;Frog Hollow Neighbourhood House Garden 2;2131;;Renfrew;St;2131 Renfrew  St, Vancouver, BC;5;;;;;Other;Frog Hollow Neighbourhood House;eva@froghollow.bc.ca;http://www.froghollow.bc.ca;Hastings-Sunrise;"{""type"": ""Point"", ""coordinates"": [-123.044393, 49.2654085]}"
FA063;2011;Gaston Park;3470;;Crowley;Drive;3470 Crowley  Drive, Vancouver, BC;0;11;;quince, Asian pear, Saskatoon berry, Italian prune plum;;Park Board;Renfrew Collingwood Food Security Institute;foodsecurity@cnh.bc.ca;https://rcfood.wordpress.com/;Renfrew-Collingwood;"{""type"": ""Point"", ""coordinates"": [-123.0311899, 49.2362316]}"
FA067;2011;Grandview Park;1657;;Charles;St;1657 Charles St, Vancouver, BC;0;yes;;Plum espalier;;Park Board;;;;Grandview-Woodland;"{""type"": ""Point"", ""coordinates"": [-123.0705385, 49.2735193]}"
FA069;;Grass Roots Community Garden;478;E;Hastings;St;478 E  Hastings  St, Vancouver, BC;10;;;;;Other;Servants Canada;;;Strathcona;"{""type"": ""Point"", ""coordinates"": [-123.0936723, 49.2809398]}"
FA075;2006;Jacob's Well #1;449;E;Hastings;St;449 E Hastings St, Vancouver, BC;120;;;;;Private;Jacob's Well;;;Strathcona;"{""type"": ""Point"", ""coordinates"": [-123.0942905, 49.2813078]}"
FA079;2009;Kaslo Gardens Community Vegetable Garden;2765;;Cooperative;Way;2765 Cooperative Way, Vancouver, BC;16;;;;;Other;Kaslo Gardens Housing Cooperative;;;Renfrew-Collingwood;"{""type"": ""Point"", ""coordinates"": [-123.0490748, 49.257436]}"
FA081;2014;Kingscrest Park Community Garden;4150;;Knight;St;4150 Knight St, Vancouver, BC;20;;;;;Park Board;Cedar Cottage Food Network Society;kingcrestgarden@gmail.com;https://cedarcottagefoodnetwork.com/;Kensington-Cedar Cottage;"{""type"": ""Point"", ""coordinates"": [-123.07433222, 49.24700923]}"
FA082;2011;Kits Village Collaborative Garden;1407;;Laburnum;St;1407 Laburnum St, Vancouver, BC;;5;;"Cortland apple; Golden Reinette Apple; dwaf Anjou pear; dwarf Red Sensation pear; Persimmon Fuju";;Private;Village Vancouver;ross@villagevancouver.ca;;Kitsilano;"{""type"": ""Point"", ""coordinates"": [-123.1514277, 49.273327]}"
FA086;2008;Kitsilano Neighbourhood House;3683;W;4th;Av;3683 W 4th Av, Vancouver, BC;5;;;;;Private;Kitsilano Neighbourhood House;;http://www.kitshouse.org;Kitsilano;"{""type"": ""Point"", ""coordinates"": [-123.1852422, 49.2686566]}"
FA090;2011;Langara College;6648;;Ontario;St;6648 Ontario St, Vancouver, BC;26;;;;;Private;;;;Sunset;"{""type"": ""Point"", ""coordinates"": [-123.105789, 49.2245248]}"
FA091;2015;Let’s Grow Together! Community Garden;2475;;Franklin;St;2475 Franklin St, Vancouver, BC;6;;;;;Private;St. David of Wales Angclican Church;;;Hastings-Sunrise;"{""type"": ""Point"", ""coordinates"": [-123.05491, 49.282211]}"
FA094;2012;Marpole Family Place;1305;W;70th;Av;1305 W 70th Av, Vancouver, BC;8;;;;;Private;Marpole Family Place;;;Marpole;"{""type"": ""Point"", ""coordinates"": [-123.1347288, 49.2087963]}"
FA099;2006;Means of Production Garden;1001;E;7th;Av;1001 E 7th Av, Vancouver, BC;20;25;;Mix of cherry, plum, apple;;City and Park Board;Environmental Youth Alliance;earthandgleaners@gmail.com;https://moparrc.com/;Mount Pleasant;"{""type"": ""Point"", ""coordinates"": [-123.08501953, 49.2655009]}"
FA100;2011;Memorial West Park;4701;;Dunbar;St;4701 Dunbar St, Vancouver, BC;0;15;;Apple, pear, cherry;;Park Board;;;;Dunbar-Southlands;"{""type"": ""Point"", ""coordinates"": [-123.1852852, 49.2442721]}"
FA101;2013;Menno Simmons centre;4000;W;11th;Av;4000 W 11th Av, Vancouver, BC;10;;;;;Private;;;;West Point Grey;"{""type"": ""Point"", ""coordinates"": [-123.1939437, 49.2626337]}"
FA105;2012;Mount Pleasant Community Garden;3161;;Ontario;St;3161 Ontario St, Vancouver, BC;30;16;;"1 early macintosh apple; 1 fuji red sport apple; 2 italian plum; 1 lapins cherry; 1 stella cherry; 1 anjou pear dwarf; 1 red sensation pear dwarf; 1 persimmon fuju (espalier), lemon, Jonamac, Shamrock, Stella Cherry, Golden Russet";;Park Board;Urban Diggers Society;mtpleasantcommunitygarden@gmail.com;https://www.facebook.com/MountPleasantCommunityGarden/;Mount Pleasant;"{""type"": ""Point"", ""coordinates"": [-123.10564148, 49.25739572]}"
FA106;2008;Nelson Park Community Garden;1020;;Bute;St;1020 Bute St, Vancouver, BC;38;yes;Expansion in 2014 - 35 beds including accessible ones;;;Park Board;Nelson Park Community Garden Society;nelsonparkgarden@gmail.com;;West End;"{""type"": ""Point"", ""coordinates"": [-123.13022752, 49.28308969]}"
FA109;2012;Oppenheimer Park Medicine Wheel Garden;488;;Powell;St;488 Powell St, Vancouver, BC;8;;;;;Park Board;;;;Strathcona;"{""type"": ""Point"", ""coordinates"": [-123.09361921, 49.28278848]}"
FA110;2009;Pandora Park Community Garden;2325;;Franklin;St;2325 Franklin St, Vancouver, BC;66;4;;2 apple, 2 plum;;Park Board;Pandora Park Community Garden Society;pandoraparkcommunitygarden@gmail.com;http://pandoraparkgarden.wordpress.com/;Grandview-Woodland;"{""type"": ""Point"", ""coordinates"": [-123.05937732, 49.28239193]}"
FA111;2009;Farmers at 57th;700;W;57th;St;700 W 57th St, Vancouver, BC;32;;;;;Private;;hello@farmerson57th.ca;http://www.farmerson57th.ca;Oakridge;"{""type"": ""Point"", ""coordinates"": [-123.1169049, 49.219033]}"
FA114;2015;Pine Street Community Garden (6th and Fir Park);1605;W;6th;Av;1605 W 6th Av, Vancouver, BC;20;16;;Apple, pear, plum, cherry;;City and Park Board;Pine Street Community Garden Society;pinestreetcommunitygardens@gmail.com;;Fairview;"{""type"": ""Point"", ""coordinates"": [-123.14208457, 49.26633958]}"
FA120;2011;Ross Park;7402;;Ross;St;7402 Ross St, Vancouver, BC;0;15;;Apple, pear, cherry;;Park Board;;;;Sunset;"{""type"": ""Point"", ""coordinates"": [-123.0817007, 49.2161584]}"
FA123;2008;South Vancouver Family Place 1;7710;;Nanaimo;St;7710 Nanaimo St, Vancouver, BC;8;;;;;Private;South Vancouver Family Place;;;Victoria-Fraserview;"{""type"": ""Point"", ""coordinates"": [-123.0593383, 49.2143436]}"
FA124;2011;South Vancouver Family Place 2;7715;;Muirfield;Drive;7715 Muirfield Drive, Vancouver, BC;3;;;;;Private;South Vancouver Family Place;;;Victoria-Fraserview;"{""type"": ""Point"", ""coordinates"": [-123.056519, 49.2141567]}"
FA134;2009;Sunset Park;404;E;51st;Av;404 E 51st Av, Vancouver, BC;0;29;;Fruit;;Park Board;;ki.plants@gmail.com;https://mysunset.net/;Sunset;"{""type"": ""Point"", ""coordinates"": [-123.09795356, 49.22235386]}"
FA136;2012;Tenth Church;11;W;10th;Av;11 W 10th Av, Vancouver, BC;10;;;;;Private;Tenth Church;;;Mount Pleasant;"{""type"": ""Point"", ""coordinates"": [-123.1058605, 49.2623383]}"
FA139;2008;The Rise on Cambie;485;W;8th;Av;485 W 8th Av, Vancouver, BC;18;;;;;Private;Strata Council;;;Mount Pleasant;"{""type"": ""Point"", ""coordinates"": [-123.1144868, 49.2640067]}"
FA140;2014;Trillium Park North Artists Garden;580;;Malkin;Av;580 Malkin Av, Vancouver, BC;4;;;;;Park Board;Earthand Gleaners Society;earthandgleaners@gmail.com;https://earthand.com/category/trillium-north-park/;Strathcona;"{""type"": ""Point"", ""coordinates"": [-123.09269404, 49.27528736]}"
FA141;2011;Tupper Neighbourhood Greenway;400;E;23rd;Av;400 E 23rd Av, Vancouver, BC;0;6;;apple trees, berry bushes and fruit vines;;City;Tupper Greenway Urban Orchard Project;;;Riley Park;"{""type"": ""Point"", ""coordinates"": [-123.093947, 49.250166]}"
FA142;2010;UP! Elgin community garden;5332;;Windsor;St;5332 Windsor St, Vancouver, BC;35;4;;;;City;Fraser Kensington Community Garden Society;upelgingarden@gmail.com;http://elgincommunitygarden.wordpress.com/;Kensington-Cedar Cottage;"{""type"": ""Point"", ""coordinates"": [-123.084388, 49.2365575]}"
FA145;;Van Dusen Botanical Gardens;5251;;Oak;St;5251 Oak St, Vancouver, BC;0;yes;;Heritage apple;;Park Board;Van Dusen Botanical Garden Association;;;Shaughnessy;"{""type"": ""Point"", ""coordinates"": [-123.1280384, 49.2375047]}"
FA146;2011;Village on False Creek;151;W;1st;Av;151 W 1st  Av, Vancouver, BC;45;0;;;;City;Village on False Creek Community Gardens Society;villagecommunitygardens@gmail.com;http://villagecommunitygardens.com/;Mount Pleasant;"{""type"": ""Point"", ""coordinates"": [-123.1086189, 49.2706432]}"
FA157;2016;City Heights;155;E;37;Av;155 E 37 Av, Vancouver, BC;;;;;;Private;City Heights;;;Sunset;"{""type"": ""Point"", ""coordinates"": [-123.102833, 49.232228]}"
FA159;2017;4th and MacDonald;;;;;;100;;;;;Private;Shifting Growth;;;Kitsilano;"{""type"": ""Point"", ""coordinates"": [-123.167928, 49.268683]}"
FA161;2017;Broadway and Alma;;;;;;100;;;;;Private;Shifting Growth;;;Kitsilano;"{""type"": ""Point"", ""coordinates"": [-123.185381, 49.264105]}"
FA164;2017;Chilean Housing Coop;3390;;School;Av;3390 School Av, Vancouver, BC;10;;;;;Private;Chilean Housing Coop;;;Killarney;"{""type"": ""Point"", ""coordinates"": [-123.032907, 49.23112]}"
FA171;2018;Chinatown Peace Church;375;E;Pender;St;375 E Pender St, Vancouver, BC;10;;;;;Private;Chinatown Peace Church;;;Strathcona;"{""type"": ""Point"", ""coordinates"": [-123.095684, 49.280471]}"
FA175;2016;HFBC Housing Foundation;2950;;Euclid;St;2950 Euclid St, Vancouver, BC;12;;;;;Private;HFBC Housing Foundation;;;Renfrew-Collingwood;"{""type"": ""Point"", ""coordinates"": [-123.043697, 49.240111]}"
FA178;1985;Nicholson Towers;1115;;Nelson;St;1115 Nelson St, Vancouver, BC;28;;;;;Private;Bloomgroup;None;;West End;"{""type"": ""Point"", ""coordinates"": [-123.1279113, 49.2828118]}"
FA180;2019;Dany Guincher House;475;E;Broadway;;475 E Broadway , Vancouver, BC;3;;;;;Private;Jewish Family Services;None;;Mount Pleasant;"{""type"": ""Point"", ""coordinates"": [-123.0935368, 49.2625681]}"
FA182;2019;Macleod Manor Community Garden;8725;;French;Street;8725 French Street, Vancouver, BC;5;;;;;private;Brightside Community Homes Foundation;;;Marpole;"{""type"": ""Point"", ""coordinates"": [-123.1396302, 49.2069012]}"
FA004;2007;1755 West 14th - Private apartment building garden;1755;W;14th;Av;1755 W 14th Av, Vancouver, BC;;;;;;Private;Apartment residents;;;Fairview;"{""type"": ""Point"", ""coordinates"": [-123.1448703, 49.2590496]}"
FA010;;Barclay Heritage Square;1433;;Barclay;St;1433 Barclay St, Vancouver, BC;0;2;;Apple;;Park Board;;;;West End;"{""type"": ""Point"", ""coordinates"": [-123.13284501, 49.28738755]}"
FA012;2011;Bosman Hotel;1060;;Howe;St;1060 Howe St, Vancouver, BC;12;;;;;Private;Bosman Hotel Society;;;Downtown;"{""type"": ""Point"", ""coordinates"": [-123.1250943, 49.2791632]}"
FA016;2013;Cambie Park Community Garden;500;W;54th;Av;500 W 54th Av, Vancouver, BC;30;;;;;Park Board;Marpole Oakridge Community Association;southvangreenthumbs@gmail.com;http://cambieparkcommunitygarden.blogspot.com/;Oakridge;"{""type"": ""Point"", ""coordinates"": [-123.1186284, 49.22130853]}"
FA018;2011;Cartier Park;390;E;36th;Av;390 E 36th Av, Vancouver, BC;0;6;;Apple;;Park Board;;;;Riley Park;"{""type"": ""Point"", ""coordinates"": [-123.0975115, 49.2376052]}"
FA019;2008;Cedar Cottage Community Garden;2021;;Stainsbury;Av;2021 Stainsbury  Av, Vancouver, BC;61;13;;"EARLY MCINTOSH; GOLDEN DELICIOUS SMOOTHEE APPLE; SHAMROCK APPLE; CRIMSON PASSION CHERRY; RAINIER CHERRY; SKEENA CHERRY; DAMSON PLUM; ITALIAN PLUM; REDGLOW PLUM - HARDY; PERSIMMON, plums, fig, pear";;Translink;Cedar Cottage Garden Society;themembershipteam@cedarcottagegarden.org;http://www.cedarcottagegarden.org;Kensington-Cedar Cottage;"{""type"": ""Point"", ""coordinates"": [-123.0642552, 49.251444]}"
FA020;2009;Cedar Cottage Community Garden - Part 2;2019;;Stainsbury;Av;2019 Stainsbury  Av, Vancouver, BC;49;;;;;City;Cedar Cottage Garden Society;themembershipteam@cedarcottagegarden.org;http://www.cedarcottagegarden.org;Kensington-Cedar Cottage;"{""type"": ""Point"", ""coordinates"": [-123.0644448, 49.2512645]}"
FA021;2013;Cedar Cottage Neighourhood House Edible Garden;4065;;Victoria;Drive;4065 Victoria Drive, Vancouver, BC;12;;;;;Private;Cedar Cottage Neighbourhood House;;;Kensington-Cedar Cottage;"{""type"": ""Point"", ""coordinates"": [-123.0651476, 49.2488871]}"
FA022;;Champlain Heights Park;3351;;Maquinna;Drive;3351 Maquinna  Drive, Vancouver, BC;0;1;;Apple;;Park Board;;;;Killarney;"{""type"": ""Point"", ""coordinates"": [-123.0326603, 49.2164913]}"
FA023;2010;Champlain Place Community Garden;3347;E;58th;Av;3347 E 58th Av, Vancouver, BC;8;;;;;Private;BC Housing;;;Killarney;"{""type"": ""Point"", ""coordinates"": [-123.0352463, 49.2167296]}"
FA026;2009;Chester's Field Garden;5333;;Chester;St;5333 Chester  St, Vancouver, BC;10;3;;"anjou dwarf pear; conference dwarf pear";;City;Fraser Kensington Community Garden Society;chestersfield@gmail.com;https://www.facebook.com/chestersfieldgarden?fref=ts;Kensington-Cedar Cottage;"{""type"": ""Point"", ""coordinates"": [-123.0896066, 49.236648]}"
FA030;1993;China Creek Housing Co-op;1230;E;8th;Av;1230 E  8th  Av, Vancouver, BC;30;;;;;City;China Creek Housing Co-op;;;Mount Pleasant;"{""type"": ""Point"", ""coordinates"": [-123.0832689, 49.2643106]}"
FA031;2006;China Creek North Park;1001;E;7th;Av;1001 E 7th Av, Vancouver, BC;0;38;;Apple, cherry, pear, plum;;Park Board;;;;Mount Pleasant;"{""type"": ""Point"", ""coordinates"": [-123.07798, 49.2611153]}"
FA032;2013;Church of the Good Sheppard;189;W;11th;Av;189 W 11th Av, Vancouver, BC;8;;;;;Private;;;;Mount Pleasant;"{""type"": ""Point"", ""coordinates"": [-123.1089655, 49.2614867]}"
FA041;1992;Cottonwood Community Garden;857;;Malkin;Av;857 Malkin Av, Vancouver, BC;139;26;Expansion in 2010 - 50 beds with improved accessibility;Apple, cherry, plum, fig, Asian pear, hazelnut, Saskatoon, Satsuma Plum, Pacific Crabapple, Heritage Apples;;City and Park Board;Strathcona Community Gardeners Society;cottonwoodgarden@gmail.com;http://www.cottonwoodgarden.com/;Strathcona;"{""type"": ""Point"", ""coordinates"": [-123.08375432, 49.27379855]}"
FA044;1995;Cypress Community Garden;1800;W;6th;Av;1800 W 6th Av, Vancouver, BC;66;;;Clapp's Favourite Pear, dwarf;;City;;cypress@vcn.bc.ca;http://www.cypresscommunitygarden.ca/;Kitsilano;"{""type"": ""Point"", ""coordinates"": [-123.1456636, 49.2662772]}"
FA049;2014;DTES Market location;62;E;Hastings;St;62 E  Hastings St, Vancouver, BC;6;;;;;Private;DTES Market;;;Downtown;"{""type"": ""Point"", ""coordinates"": [-123.1027168, 49.2810918]}"
FA062;2009;Garden of Eatin';2670;;Victoria;Drive;2670 Victoria Drive, Vancouver, BC;20;;;;;Private;First Christian Reformed Church;garden.van1crc@gmail.com;http://van1crc.org/the-garden/;Kensington-Cedar Cottage;"{""type"": ""Point"", ""coordinates"": [-123.0658918, 49.2606376]}"
FA064;2012;Grace Memorial Church;803;E;16th;Av;803 E 16th Av, Vancouver, BC;15;;;;;Private;Grace Memorial Church;;;Mount Pleasant;"{""type"": ""Point"", ""coordinates"": [-123.0874186, 49.2564075]}"
FA066;pre 2000;Grandview Elementary Community Garden;2055;;Woodland;Drive;2055 Woodland Drive, Vancouver, BC;24;5;3mx3m community plots in addition to school garden;yes;Earth Tub composter;Other;Grandview Garden Coordinator (VCH SMART funding);;;Strathcona;"{""type"": ""Point"", ""coordinates"": [-123.07831, 49.265917]}"
FA068;2011;Grandview Terrace;2075;;Woodland;Drive;2075 Woodland Drive, Vancouver, BC;12;;;;;Other;BC Housing;gwfcnetwork@gmail.com;http://gwfoodconnection.wordpress.com/;Grandview-Woodland;"{""type"": ""Point"", ""coordinates"": [-123.0736131, 49.2662333]}"
FA073;2010;Hemlock Court;1411;E;17th;Av;1411 E 17th Av, Vancouver, BC;4;;;;;Other;Hemlock Court Housing/Metro Housing;;;Kensington-Cedar Cottage;"{""type"": ""Point"", ""coordinates"": [-123.0754088, 49.2557102]}"
FA074;2015;Il Centro Community Garden (Beaconsfield Park);3215;;Slocan;St;3215 Slocan St, Vancouver, BC;40;40;;;;Park Board;Italian Cultural Centre;gardens@iccvancouver.ca;https://italianculturalcentre.ca/;Renfrew-Collingwood;"{""type"": ""Point"", ""coordinates"": [-123.05060617, 49.25563874]}"
FA078;2010;John McBride Community Garden;1850;;Spyglass;Place;1850 Spyglass Place, Vancouver, BC;49;1;;cherry;;City;Creek Community Gardeners (under  False Creek South Neig'd  Assoc.);mcbridegarden@gmail.com;;Fairview;"{""type"": ""Point"", ""coordinates"": [-123.1152216, 49.2696835]}"
FA080;2010;Kerrisdale Community Garden;7500;;Angus;Drive;7500 Angus Drive, Vancouver, BC;22;4;;anjou dwarf pear, compact stella, shamrock, persimmon;;City;Kerrisdale Community Garden Committee (under Kerrisdale Community Centre Society);kerrisdalecommunitygarden@gmail.com;http://kerrisdalecommunitygarden.com;Marpole;"{""type"": ""Point"", ""coordinates"": [-123.1482727, 49.2177463]}"
FA083;2008;Kitsilano Christian Community Church;1708;W;16th;Av;1708 W 16th Av, Vancouver, BC;7;;;;;Private;Kitsilano Christian Community Church;;;Fairview;"{""type"": ""Point"", ""coordinates"": [-123.1437758, 49.2570894]}"
FA085;1986;Kitsilano Community Garden;2027;W;6th;Av;2027 W 6th Av, Vancouver, BC;55;15;;Apple (2), Pear (2), Cheery (2), Plum (4), Apricot (1), Hazelnut (1), Fig (1), Apple/Pear (2);;Park Board;Kitsilano Community Garden Association;"kitsilanogarden@telus.net
Kitsgarden.membership@gmail.com";http://kitsilanocommunitygarden.blogspot.ca/;Kitsilano;"{""type"": ""Point"", ""coordinates"": [-123.15102375, 49.26661593]}"
FA092;2013;Maclean Housing;705;;Jackson;Av;705 Jackson Av, Vancouver, BC;65;;;;;Private;;;;Strathcona;"{""type"": ""Point"", ""coordinates"": [-123.0935914, 49.2784286]}"
FA095;2013;Marpole Place expansion;1305;W;70th;Av;1305 W 70th Av, Vancouver, BC;6;;;;;Private;;;;Marpole;"{""type"": ""Point"", ""coordinates"": [-123.1347288, 49.2087963]}"
FA097;2009;McCleery Golf Course;7188;;Macdonald;St;7188 Macdonald  St, Vancouver, BC;0;5;;Cherry, apple;;Park Board;;;;Kerrisdale;"{""type"": ""Point"", ""coordinates"": [-123.1683146, 49.221493]}"
FA104;2003;Mole Hill;1169;;Pendrell;St;1169 Pendrell St, Vancouver, BC;70;1;;Italian Prune Plum;;Private;Mole Hill Community Housing Society;admin@molehillhousing.ca;http://www.molehillhousing.ca;West End;"{""type"": ""Point"", ""coordinates"": [-123.1316422, 49.2824171]}"
FA107;2008;New Brighton Park;3201;;New Brighton;Road;3201 New Brighton Road, Vancouver, BC;0;50;;Apple, pear, cherry;;Park Board;;;;Hastings-Sunrise;"{""type"": ""Point"", ""coordinates"": [-123.0361825, 49.288757]}"
FA115;2014;Princess and Cordova;248;;Princess;Av;248 Princess Av, Vancouver, BC;20;;;;;Private;Servants Canada;;;Strathcona;"{""type"": ""Point"", ""coordinates"": [-123.091439, 49.282147]}"
FA117;1996;Robson Park Community Garden;565;;Kingsway;;565 Kingsway , Vancouver, BC;44;;;;;Park Board;Urban Diggers Society;robsongarden@gmail.com;;Mount Pleasant;"{""type"": ""Point"", ""coordinates"": [-123.09231872, 49.25867473]}"
FA119;2015;Rooted for Life Garden;1415;;Barclay;St;1415 Barclay St, Vancouver, BC;;;;;;Private;;;;West End;"{""type"": ""Point"", ""coordinates"": [-123.132872, 49.287355]}"
FA121;1988;Sahalli  Community Garden;2398;;Fraser;St;2398 Fraser St, Vancouver, BC;54;;;;;Park Board;Urban Diggers Society;"dig@vcn.bc.ca
604-879-3676";http://dig.vcn.bc.ca/;Mount Pleasant;"{""type"": ""Point"", ""coordinates"": [-123.0885931, 49.2636848]}"
FA127;2006;SPEC Cambie Communal Garden;2615;;Cambie;St;2615 Cambie St, Vancouver, BC;17;;;;;City;SPEC;cambiesqvol@gmail.com;;Fairview;"{""type"": ""Point"", ""coordinates"": [-123.1155183, 49.2615932]}"
FA128;2012;SPEC Rooftop Garden;535;;Hornby;St;535 Hornby St, Vancouver, BC;9;;;;;Private;SPEC;;;Downtown;"{""type"": ""Point"", ""coordinates"": [-123.1178337, 49.2857348]}"
FA129;1990;SPEC Vancouver Compost Demonstration Garden;2150;;Maple;St;2150 Maple St, Vancouver, BC;0;;;;;City;SPEC;;;Kitsilano;"{""type"": ""Point"", ""coordinates"": [-123.1503918, 49.2666383]}"
FA131;2003;Stanley Park Community Garden;975;;Lagoon;Drive;975 Lagoon Drive, Vancouver, BC;32;;;;;Park Board;;innersanctum2003@yahoo.ca;;;"{""type"": ""Point"", ""coordinates"": [-123.13855459, 49.29367168]}"
FA133;1985;Strathcona Community Garden;857;;Malkin;Av;857 Malkin Av, Vancouver, BC;200;104;;"Bramley's seedling apple; cannor select; cortland; golden delicious smoothee; jonafree; nova mac; shamrock; flemish beauty; hosui; golden spice (hardy); ure pear (hardy); italian plum; pembina plum (hardy); redglow plum (hardy); compact stella cherry; lapin cherry; schatten morello cherry; van cherry; conference dwarf pear; flemish beauty dwarf pear; highland dwarf pear; red sensation dwarf pear; sierra dwarf pear; persimmon fuju and more, Satsuma Plum, Jonamac Apple, Shamrock Apple, Northern Spy Apple, Meteor cherry";;Park Board;Strathcona Community Gardeners Soc.;strathcona.garden.info@gmail.com;http://strathconagardens.ca/;Strathcona;"{""type"": ""Point"", ""coordinates"": [-123.08797176, 49.27600308]}"
FA138;2015;The James Garden & Social Community;288;W;1st;Av;288 W 1st  Av, Vancouver, BC;12;;;;;Private;;;;Mount Pleasant;"{""type"": ""Point"", ""coordinates"": [-123.111763, 49.269003]}"
FA147;1999;Wall Street Community Garden;2099;;Wall;St;2099 Wall St, Vancouver, BC;42;;;;;Park Board;Kiwassa Neighbourhood Services Association;wallstreetgarden@gmail.com;;Grandview-Woodland;"{""type"": ""Point"", ""coordinates"": [-123.06186949, 49.28656975]}"
FA148;;Westmount Park;4651;W;2nd;Av;4651 W 2nd Av, Vancouver, BC;0;2;;Apple;;Park Board;;;;West Point Grey;"{""type"": ""Point"", ""coordinates"": [-123.2144218, 49.2718445]}"
FA151;2016;Deeper Roots Seniors Community Garden;5350;;Baillie;St;5350 Baillie St, Vancouver, BC;10;;;;;Private;Oakridge Adventist Church;;http://deeproots.ca;South Cambie;"{""type"": ""Point"", ""coordinates"": [-123.1218448, 49.2369358]}"
FA152;2016;Aberthau Garden Project;4397;W;2nd;Av;4397 W 2nd Av, Vancouver, BC;10;;;;;Park Board;;ross@villagevancouver.ca;http://www.villagevancouver.ca/page/aberthau-garden-project-1;West Point Grey;"{""type"": ""Point"", ""coordinates"": [-123.20477766, 49.27214278]}"
FA154;2016;Community Alternatives Coop Community Garden;1937;W;2nd;Av;1937 W 2nd Av, Vancouver, BC;20;;;;;Private;;;;Kitsilano;"{""type"": ""Point"", ""coordinates"": [-123.149194, 49.270065]}"
FA155;2016;Vera Community Garden;575;SW;Marine;Drive;575 SW Marine Drive, Vancouver, BC;12;;;;;Private;;;http://www.communityalternativescoop.com;Marpole;"{""type"": ""Point"", ""coordinates"": [-123.119179, 49.209683]}"
FA160;2017;Alma and 10th;;;;;;100;;;;;Private;Shifting Growth;;;Kitsilano;"{""type"": ""Point"", ""coordinates"": [-123.185464, 49.26324]}"
FA162;2017;Broadway and Victoria;;;;;;100;;;;;Private;Shifting Growth;;;Kensington-Cedar Cottage;"{""type"": ""Point"", ""coordinates"": [-123.064979, 49.262089]}"
FA165;2017;Dunbar and 39th;;;;;;100;;;;;Private;Shifting Growth;;;Dunbar-Southlands;"{""type"": ""Point"", ""coordinates"": [-123.18568, 49.236212]}"
FA166;2017;HFBC Housing Foundation;2085;W;5th;Av;2085 W 5th Av, Vancouver, BC;12;;;;;Private;;;;Kitsilano;"{""type"": ""Point"", ""coordinates"": [-123.152475, 49.267434]}"
FA169;2018;Brightside Home Foundation - King's Daughters;1400;E;11th;Av;1400 E 11th Av, Vancouver, BC;3;;;;;Private;Brightside Community Homes Foundation;;;Kensington-Cedar Cottage;"{""type"": ""Point"", ""coordinates"": [-123.075082, 49.260319]}"
FA172;2018;Killarney;6260;;Killarney;St;6260 Killarney St, Vancouver, BC;20;;;;;Park Board;Killarney community centre;jennifer.takai@vancouver.ca;;Killarney;"{""type"": ""Point"", ""coordinates"": [-123.04341365, 49.22710826]}"
FA174;2016;HFBC Housing Foundation;2924;;Venables;St;2924 Venables St, Vancouver, BC;12;;;;;Private;HFBC Housing Foundation;;;Hastings-Sunrise;"{""type"": ""Point"", ""coordinates"": [-123.043281, 49.276211]}"
FA176;;John Hendry (Trout Lake) Park;3300;;Victoria;Drive;3300 Victoria Drive, Vancouver, BC;4;;;;;Park Board;;;https://cedarcottagefoodnetwork.com/projects-events/medicine-wheel-garden-at-john-henry-park/;Kensington-Cedar Cottage;"{""type"": ""Point"", ""coordinates"": [-123.06367871, 49.255098]}"
FA177;2018;Riley Park;50;E;30th;Av;50 E 30th Av, Vancouver, BC;20;;;;;Park Board;;info@rileyparkgarden.org;https://www.rileyparkgarden.org/;Riley Park;"{""type"": ""Point"", ""coordinates"": [-123.10448685, 49.24298494]}"
FA181;2018;Still Creek Community Garden;2750;E;29th;Av;2750 E 29th Av, Vancouver, BC;45;;;;;Park Board;Collingwood Neighbourhood House Society;stillcreekcommunitygarden@gmail.com;https://rcfood.wordpress.com/;Renfrew-Collingwood;"{""type"": ""Point"", ""coordinates"": [-123.045562, 49.243584]}"
FA183;2019;221A;271;;Union;Street;271 Union Street, Vancouver, BC;10;;;;;;;info@semi-public.com;http://semi-public.com;Strathcona;"{""type"": ""Point"", ""coordinates"": [-123.097379, 49.2778879]}"
FA184;;Van Tech secondary school;;;;;;0;5;;;;;;;;;
FA002;2014;15th Avenue Coop;1255;E;15th;Av;1255 E 15th Av, Vancouver, BC;8;;;;;Private;;;;Mount Pleasant;"{""type"": ""Point"", ""coordinates"": [-123.0788387, 49.2571193]}"
FA003;2008;16 Oaks;1018;W;16th;Av;1018 W 16th Av, Vancouver, BC;55;;;;;Private;;oak.16th.garden@gmail.com;;Shaughnessy;"{""type"": ""Point"", ""coordinates"": [-123.1276645, 49.2567482]}"
FA006;2011;Adanac Park Community Garden;1025;;Boundary;Road;1025 Boundary Road, Vancouver, BC;30;8;;"1 Early McIntosh Apple; 1 Jonagold apple; 2 italian plum; 2 dwarf anjou pear; 1 hardy evans cherry; 1 hardy juliet cherry";;Park Board;Kiwassa Neighbourhood Services Association;adanac.park.garden@gmail.com;http://adanacparkcommunitygarden.blogspot.ca/;Hastings-Sunrise;"{""type"": ""Point"", ""coordinates"": [-123.02439453, 49.27558227]}"
FA007;1942;East Boulevard Allotment Plots;7176;E;;Boulevard;7176 E  Boulevard, Vancouver, BC;71;;;;;City;City of Vancouver;communitygardens@vancouver.ca;;Kerrisdale;"{""type"": ""Point"", ""coordinates"": [-123.1505481, 49.2209834]}"
FA009;2010;Atira Community Garden;400;;Hawks;Av;400 Hawks Av, Vancouver, BC;15;;;;;Private;Atira Community Resources;;http://www.atira.bc.ca/community-garden-kitchens;Strathcona;"{""type"": ""Point"", ""coordinates"": [-123.0871212, 49.2810913]}"
FA011;2015;BC Seniors Living Assoc. Garden;3355;E;5 th;Av;3355 E  5 th Av, Vancouver, BC;11;;;;;Private;BC Seniors Living Assoc. Beulah Homes Society;;;Hastings-Sunrise;"{""type"": ""Point"", ""coordinates"": [-123.032578, 49.266474]}"
FA017;;Carnarvon Park;2995;W;19th;Av;2995 W 19th Av, Vancouver, BC;0;15;;Apple;;Park Board;;;;Arbutus-Ridge;"{""type"": ""Point"", ""coordinates"": [-123.171486, 49.2565789]}"
FA024;;Charles Park;3400;;Charles;St;3400 Charles St, Vancouver, BC;0;1;;Crabapple;;Park Board;;;;Hastings-Sunrise;"{""type"": ""Point"", ""coordinates"": [-123.0308947, 49.2732079]}"
FA028;2009;Cambridge Community Garden;2050;;Wall;St;2050 Wall St, Vancouver, BC;5;;;;;City;;;;Grandview-Woodland;"{""type"": ""Point"", ""coordinates"": [-123.062203, 49.2854905]}"
FA029;2008;China Creek Community Garden;1255;E;10th;Av;1255 E 10th Av, Vancouver, BC;23;3;;2 apple, 1 plum, and raspberry bushes;;Park Board;Urban Diggers Society;"dig@vcn.bc.ca
604-734-4673.";;Mount Pleasant;"{""type"": ""Point"", ""coordinates"": [-123.07886814, 49.26199318]}"
FA035;2009;City Hall Lawn Garden;453;W;12th;Av;453 W 12th Av, Vancouver, BC;36;6;;Apple;;City;Evergreen;vancouvercityhallgarden@gmail.com;;Mount Pleasant;"{""type"": ""Point"", ""coordinates"": [-123.1139357, 49.2613159]}"
FA038;2014;Clark Park Fruit Tree Project;1500;E;15th;Av;1500 E 15th Av, Vancouver, BC;0;4;;;;Park Board;Grandview Community Centre Association;;;Kensington-Cedar Cottage;"{""type"": ""Point"", ""coordinates"": [-123.073727, 49.257484]}"
FA042;2014;Creekside Community Recreation Centre Collaborative Garden;1;;Athletes;Way;1 Athletes Way, Vancouver, BC;23;10;;;;City;Creekside Community Centre Staff;"thegardenatcreekside@gmail.com
604-324-3174";;Mount Pleasant;"{""type"": ""Point"", ""coordinates"": [-123.10358615, 49.27222196]}"
FA046;;Delamont Park;2091;W;7th;Av;2091 W 7th Av, Vancouver, BC;0;8;;Cherry, Asian pear, plum, hazelnut;;Park Board;;;;Kitsilano;"{""type"": ""Point"", ""coordinates"": [-123.152619, 49.2658197]}"
FA047;2006;Douglas Park;801;W;22nd;Av;801 W 22nd Av, Vancouver, BC;0;13;;Pear, apple, plum, cherry;;Park Board;;;;South Cambie;"{""type"": ""Point"", ""coordinates"": [-123.1222139, 49.2516505]}"
FA051;2013;Dundee Community Garden;5395;;Dundee;St;5395 Dundee St, Vancouver, BC;30;4;;;;City;Dundee Court Housing Co-op;dundeegardens@hotmail.com;;Renfrew-Collingwood;"{""type"": ""Point"", ""coordinates"": [-123.0479743, 49.2357653]}"
FA052;1996;Elisabeth Rogers Community Garden;110;W;7th;Av;110 W 7th  Av, Vancouver, BC;56;12;;Fuji (red sport), Jonagold, Nova Mac, Italian plum, Damson plum, Dwarf Comice pear, Dwarf Red Sensation pear, dwarf Sierra Pear;;Park Board;Urban Diggers Society;"waitlist.ercg@gmail.com
info.ercg@gmail.com  
dig@vcn.bc.ca
604-879-3676";http://dig.vcn.bc.ca/Elizabeth_Rogers;Mount Pleasant;"{""type"": ""Point"", ""coordinates"": [-123.10722312, 49.26450808]}"
FA053;2013;Emma G Coop;2250;;Fraser;St;2250 Fraser St, Vancouver, BC;8;;;;;Private;;;;Mount Pleasant;"{""type"": ""Point"", ""coordinates"": [-123.088762, 49.264569]}"
FA055;;Everett Crowley Park;8200;;Kerr;St;8200 Kerr St, Vancouver, BC;0;2;;Cherry, pear;;Park Board;;;;Killarney;"{""type"": ""Point"", ""coordinates"": [-123.0380764, 49.2111116]}"
FA057;1986;Fraser River Park;8705;;Angus;Drive;8705 Angus Drive, Vancouver, BC;0;36;;Native Crabapple;;Park Board;;;;Kerrisdale;"{""type"": ""Point"", ""coordinates"": [-123.1518406, 49.2082762]}"
FA059;2010;Fraserview Golf Course;7800;;Vivian;Drive;7800 Vivian Drive, Vancouver, BC;0;30;;Apple, cherry;;Park Board;;;;Victoria-Fraserview;"{""type"": ""Point"", ""coordinates"": [-123.0539872, 49.2134354]}"
FA070;2009;Habitat Villa - Metro Housing;3859;W;2nd;Av;3859 W 2nd Av, Vancouver, BC;4;;;;;Private;Habitat Villa/Metro Housing;;;West Point Grey;"{""type"": ""Point"", ""coordinates"": [-123.1903871, 49.2704557]}"
FA071;2012;Hastings Community Centre Learning Garden;3096;E;Hastings;St;3096 E Hastings St, Vancouver, BC;25;;;;;Park Board;Seasons of Food;"info@seasonsoffood.com
seasonsoffoodhcc@gmail.com
604-718-6230";https://www.facebook.com/SeasonssOfFoodVancouver/;Hastings-Sunrise;"{""type"": ""Point"", ""coordinates"": [-123.03943167, 49.28037436]}"
FA072;2008;Hastings St Folk Garden;117;E;Hastings;St;117 E Hastings St, Vancouver, BC;150;;;;;Private;Portland Housing Society;;;Downtown;"{""type"": ""Point"", ""coordinates"": [-123.1015964, 49.2814414]}"
FA076;2006;Jacob's Well #2;460;E;Hastings;St;460 E Hastings St, Vancouver, BC;120;;;;;Private;Jacob's Well;;;Strathcona;"{""type"": ""Point"", ""coordinates"": [-123.0940499, 49.2811953]}"
FA077;2013;The World in a Garden;7249;;Cypress;St;7249 Cypress St, Vancouver, BC;20;;;;;City;World in a Garden;devorahtradburks@gmail.com;http://www.theworldinagarden.com;Kerrisdale;"{""type"": ""Point"", ""coordinates"": [-123.150444, 49.220092]}"
FA084;2014;Kitsilano Community Centre Garden;2690;;Larch;St;2690 Larch St, Vancouver, BC;15;;;;;Park Board;Kitsilano Community Centre Association;"kitscc@vancouver.ca
604-257-6976";https://kitscc.com/facilities/collaborative-community-garden/;Kitsilano;"{""type"": ""Point"", ""coordinates"": [-123.16207568, 49.26196809]}"
FA087;2009;Kiwassa Neighbourhood House Community Garden;2425;;Oxford;St;2425 Oxford St, Vancouver, BC;11;;;;;Other;Kiwassa Neighbourhood House;nancym@kiwassa.ca;http://www.kiwassa.ca/;Hastings-Sunrise;"{""type"": ""Point"", ""coordinates"": [-123.05605, 49.2857204]}"
FA088;2010;Ladybug Garden;1688;E;8th;Av;1688 E 8th Av, Vancouver, BC;46;7;;plum, apple, crab apple, fig;;City;The Britannia Community Services Centre Society;gwfcnetwork@gmail.com;http://facebook.com/ladybugcommunitygarden;Grandview-Woodland;"{""type"": ""Point"", ""coordinates"": [-123.0703978, 49.2629678]}"
FA093;1996;Maple Community Garden;1900;W;6th;Av;1900 W 6th Av, Vancouver, BC;63;4;;Fig, Apple, Plum;;City;None;info@maplecommunitygarden.ca;http://maplecommunitygarden.ca/;Kitsilano;"{""type"": ""Point"", ""coordinates"": [-123.148045, 49.2663131]}"
FA096;2013;Matheson Heights Housing Coop;3554;;Sparrow;Place;3554 Sparrow Place, Vancouver, BC;16;;;;;Private;;;;Killarney;"{""type"": ""Point"", ""coordinates"": [-123.0257105, 49.2131744]}"
FA098;1996;McSpadden Park Community Garden;2125;;Victoria;Drive;2125 Victoria  Drive, Vancouver, BC;18;;;;;Park Board;McSpadden Agricultural Project Society;mcspaddengarden@gmail.com;http://mcspaddengarden.blogspot.ca/;Grandview-Woodland;"{""type"": ""Point"", ""coordinates"": [-123.06644596, 49.26651352]}"
FA102;2013;Millross Gardens on Main;989;;Main;St;989 Main St, Vancouver, BC;130;;;;;Private;Amacon;;http://www.milrossgardensonmain.com/;Downtown;"{""type"": ""Point"", ""coordinates"": [-123.1004947, 49.2762031]}"
FA103;2006;MOBY Community Garden;1737;E;11th;Av;1737 E 11th Av, Vancouver, BC;45;;;;;City and Translink;My Own Back Yard;mobyrevival@gmail.com | mobycommunitygarden@gmail.com;http://mobygarden.wordpress.com/;Kensington-Cedar Cottage;"{""type"": ""Point"", ""coordinates"": [-123.0688879, 49.2604731]}"
FA108;2011;Norquay Community Learning Orchard;2732;;Horley;St;2732 Horley St, Vancouver, BC;11;20;;Heritage apples, pears, Asian pear, cherry, plums, fig, garry oak;;City;Collingwood Neighbourhood House Society;foodsecurity@cnh.bc.ca;https://rcfood.wordpress.com/;Renfrew-Collingwood;"{""type"": ""Point"", ""coordinates"": [-123.0491218, 49.2403942]}"
FA112;2007;Pine  St. Community Orchard;1708;W;6th;Av;1708 W 6th Av, Vancouver, BC;47;;;;;City;Pine Community Garden Association;pinestreetcommunitygardens@gmail.com;http://pinestreetgardens.org/;Fairview;"{""type"": ""Point"", ""coordinates"": [-123.1435022, 49.2662399]}"
FA113;2006;Pine St. Community Garden;1605;W;6th;Av;1605 W 6th Av, Vancouver, BC;40;;;;;City;Pine Community Garden Association;pinestreetcommunitygardens@gmail.com;http://pinestreetgardens.org/;Fairview;"{""type"": ""Point"", ""coordinates"": [-123.1413634, 49.266421]}"
FA118;2011;Robson Park Coop;234;E;15th;Av;234 E 15th Av, Vancouver, BC;40;;;;;Private;Robson Park Co-op;;;Mount Pleasant;"{""type"": ""Point"", ""coordinates"": [-123.099907, 49.2572409]}"
FA125;2008;South Vancouver Youth Centre Day Program;4866;;Fraser;St;4866 Fraser St, Vancouver, BC;3;;;;;Other;South Van Youth Ctr Day Program;;;Kensington-Cedar Cottage;"{""type"": ""Point"", ""coordinates"": [-123.0902841, 49.2406636]}"
FA126;1978;Sparwood Park;6998;;Arlington;St;6998 Arlington St, Vancouver, BC;0;17;;Crabapple, hazelnut;;Park Board;;;;Killarney;"{""type"": ""Point"", ""coordinates"": [-123.0293224, 49.220271]}"
FA130;2015;St. Augustines Anglican Church;8680;;Hudson;St;8680 Hudson  St, Vancouver, BC;8;;;;;Private;St. Augustines Anglican Church;;;Marpole;"{""type"": ""Point"", ""coordinates"": [-123.134266, 49.207178]}"
FA135;2002;Tea Swamp Community Garden;255;E;16th;Av;255 E 16th Av, Vancouver, BC;20;4;;2 apple, 2 fig, raspberry canes, blueberry, grape;;Park Board;Urban Diggers Society;teaswampgarden@gmail.com;http://dig.vcn.bc.ca/teaswampgarden;Mount Pleasant;"{""type"": ""Point"", ""coordinates"": [-123.09901122, 49.25693534]}"
FA143;2007;Urban Acres;1601;W;1st;Av;1601 W 1st  Av, Vancouver, BC;30;;;;;Private;Urban Acres;;;Fairview;"{""type"": ""Point"", ""coordinates"": [-123.1410769, 49.270591]}"
FA144;pre-1970;Valdez Park;3210;W;22nd;Av;3210 W 22nd Av, Vancouver, BC;0;6;;Apple;;Park Board;;;;Dunbar-Southlands;"{""type"": ""Point"", ""coordinates"": [-123.1764742, 49.2524296]}"
FA149;2013;Woodland Park Community Garden;705;;Woodland;Drive;705 Woodland Drive, Vancouver, BC;64;3;;Jonamac Apple, Italian Prune, Pacific Crabapple;;Park Board;Village Vancouver Transition Society;woodlandparkgarden@gmail.com;http://woodlandcommunitygarden.wordpress.com;Grandview-Woodland;"{""type"": ""Point"", ""coordinates"": [-123.07383824, 49.27845355]}"
FA156;2016;Pender Community Garden;2595;E;Pender;St;2595 E Pender St, Vancouver, BC;;;;;;Private;;;;Hastings-Sunrise;"{""type"": ""Point"", ""coordinates"": [-123.052293, 49.28068]}"
FA158;2010;Moberley Cultural Herb Garden;7646;;Prince Albert;St;7646 Prince Albert St, Vancouver, BC;5;;;;;Park Board;Moberly Arts and Cultural Centre;Moberlyarts@vancouver.ca;https://moberlyartscentre.ca/artists-residencies/;Sunset;"{""type"": ""Point"", ""coordinates"": [-123.08685681, 49.21496752]}"
FA163;2017;Cambie and 16th Avenue;;;;;;100;;;;;Private;Shifting Growth;;;Riley Park;"{""type"": ""Point"", ""coordinates"": [-123.114695, 49.256768]}"
FA167;2017;Mount Pleasant Demonstration Garden;24;W;16th;Av;24 W 16th Av, Vancouver, BC;8;;;;;Private;;;;Riley Park;"{""type"": ""Point"", ""coordinates"": [-123.105469, 49.256471]}"
FA168;2017;Oak and 41st;;;;;;100;;;;;Private;Shifting Growth;;;Oakridge;"{""type"": ""Point"", ""coordinates"": [-123.128507, 49.233617]}"
FA170;2018;Brightside Home Foundation - Wallace Wilson;1620;E;6th;Av;1620 E 6th Av, Vancouver, BC;3;;;;;Private;Brightside Community Homes Foundation;;;Grandview-Woodland;"{""type"": ""Point"", ""coordinates"": [-123.071167, 49.264956]}"
FA173;2018;Our Lady of Sorrows Convent;2811;;Venables;St;2811 Venables St, Vancouver, BC;9;;;;;;Franciscan Sisters of the Eucharist;;;Hastings-Sunrise;"{""type"": ""Point"", ""coordinates"": [-123.045928, 49.276969]}"
FA179;2019;The Hopeful Garden;548;E;28th;Av;548 E 28th Av, Vancouver, BC;3;;;;;Private;Inner Hope Youth Ministries;None;;Riley Park;"{""type"": ""Point"", ""coordinates"": [-123.0929942, 49.2455678]}"
